
****项目 1.ProCreate 配置 Debug 中的 构建****

"D:\\ProgramFiles\\CCS\\ccs\\utils\\bin\\gmake" -k -j 24 all -O 
 
Building file: "../main.c"
姝ｅ湪璋冪敤锛?C2000 Compiler
"D:/ProgramFiles/CCS/ccs/tools/compiler/ti-cgt-c2000_22.6.1.LTS/bin/cl2000" -v28 -ml -mt --float_support=fpu32 --include_path="C:/Users/30495/Desktop/CCSPro/1.ProCreate" --include_path="D:/ProgramFiles/CCS/ccs/tools/compiler/ti-cgt-c2000_22.6.1.LTS/include" -g --diag_warning=225 --diag_wrap=off --display_error_number --abi=coffabi --preproc_with_compile --preproc_dependency="main.d_raw"  "../main.c"
Finished building: "../main.c"
 
Building target: "1.ProCreate.out"
姝ｅ湪璋冪敤锛?C2000 Linker
"D:/ProgramFiles/CCS/ccs/tools/compiler/ti-cgt-c2000_22.6.1.LTS/bin/cl2000" -v28 -ml -mt --float_support=fpu32 -g --diag_warning=225 --diag_wrap=off --display_error_number --abi=coffabi -z -m"1.ProCreate.map" --stack_size=0x300 --warn_sections -i"D:/ProgramFiles/CCS/ccs/tools/compiler/ti-cgt-c2000_22.6.1.LTS/lib" -i"D:/ProgramFiles/CCS/ccs/tools/compiler/ti-cgt-c2000_22.6.1.LTS/include" --reread_libs --diag_wrap=off --display_error_number --xml_link_info="1.ProCreate_linkInfo.xml" --rom_model -o "1.ProCreate.out" "./main.obj" "../28335_RAM_lnk.cmd"  -llibc.a 
<Linking>
Finished building target: "1.ProCreate.out"
 

**** 构建完成 ****

****项目 1.ProCreate 配置 Debug 中的 构建****

"D:\\ProgramFiles\\CCS\\ccs\\utils\\bin\\gmake" -k -j 24 all -O 
 
gmake[1]: '1.ProCreate.out' is up to date.

**** 构建完成 ****

****项目 example0 配置 Debug 中的 构建****

"D:\\ProgramFiles\\CCS\\ccs\\utils\\bin\\gmake" -k -j 24 all -O 
 
Building file: "../main.c"
姝ｅ湪璋冪敤锛?C2000 Compiler
"D:/ProgramFiles/CCS/ccs/tools/compiler/ti-cgt-c2000_22.6.1.LTS/bin/cl2000" -v28 -ml -mt --float_support=fpu32 --include_path="C:/Users/30495/Desktop/CCSPro/example0" --include_path="D:/ProgramFiles/CCS/ccs/tools/compiler/ti-cgt-c2000_22.6.1.LTS/include" -g --diag_warning=225 --diag_wrap=off --display_error_number --abi=coffabi --preproc_with_compile --preproc_dependency="main.d_raw"  "../main.c"
Finished building: "../main.c"
 
Building target: "example0.out"
姝ｅ湪璋冪敤锛?C2000 Linker
"D:/ProgramFiles/CCS/ccs/tools/compiler/ti-cgt-c2000_22.6.1.LTS/bin/cl2000" -v28 -ml -mt --float_support=fpu32 -g --diag_warning=225 --diag_wrap=off --display_error_number --abi=coffabi -z -m"example0.map" --stack_size=0x300 --warn_sections -i"D:/ProgramFiles/CCS/ccs/tools/compiler/ti-cgt-c2000_22.6.1.LTS/lib" -i"D:/ProgramFiles/CCS/ccs/tools/compiler/ti-cgt-c2000_22.6.1.LTS/include" --reread_libs --diag_wrap=off --display_error_number --xml_link_info="example0_linkInfo.xml" --rom_model -o "example0.out" "./main.obj" "../28335_RAM_lnk.cmd"  -llibc.a 
<Linking>
Finished building target: "example0.out"
 

**** 构建完成 ****

****项目 example0 配置 Debug 中的 构建****

"D:\\ProgramFiles\\CCS\\ccs\\utils\\bin\\gmake" -k -j 24 all -O 
 
Building file: "../main.c"
姝ｅ湪璋冪敤锛?C2000 Compiler
"D:/ProgramFiles/CCS/ccs/tools/compiler/ti-cgt-c2000_22.6.1.LTS/bin/cl2000" -v28 -ml -mt --float_support=fpu32 --include_path="C:/Users/30495/Desktop/CCSPro/example0" --include_path="D:/ProgramFiles/CCS/ccs/tools/compiler/ti-cgt-c2000_22.6.1.LTS/include" -g --diag_warning=225 --diag_wrap=off --display_error_number --abi=coffabi --preproc_with_compile --preproc_dependency="main.d_raw"  "../main.c"
Finished building: "../main.c"
 
Building target: "example0.out"
姝ｅ湪璋冪敤锛?C2000 Linker
"D:/ProgramFiles/CCS/ccs/tools/compiler/ti-cgt-c2000_22.6.1.LTS/bin/cl2000" -v28 -ml -mt --float_support=fpu32 -g --diag_warning=225 --diag_wrap=off --display_error_number --abi=coffabi -z -m"example0.map" --stack_size=0x300 --warn_sections -i"D:/ProgramFiles/CCS/ccs/tools/compiler/ti-cgt-c2000_22.6.1.LTS/lib" -i"D:/ProgramFiles/CCS/ccs/tools/compiler/ti-cgt-c2000_22.6.1.LTS/include" --reread_libs --diag_wrap=off --display_error_number --xml_link_info="example0_linkInfo.xml" --rom_model -o "example0.out" "./main.obj" "../28335_RAM_lnk.cmd"  -llibc.a 
<Linking>
Finished building target: "example0.out"
 

**** 构建完成 ****

****项目 example0 配置 Debug 中的 构建****

"D:\\ProgramFiles\\CCS\\ccs\\utils\\bin\\gmake" -k -j 24 all -O 
 
Building file: "../main.c"
姝ｅ湪璋冪敤锛?C2000 Compiler
"D:/ProgramFiles/CCS/ccs/tools/compiler/ti-cgt-c2000_22.6.1.LTS/bin/cl2000" -v28 -ml -mt --float_support=fpu32 --include_path="C:/Users/30495/Desktop/CCSPro/example0" --include_path="D:/ProgramFiles/CCS/ccs/tools/compiler/ti-cgt-c2000_22.6.1.LTS/include" -g --diag_warning=225 --diag_wrap=off --display_error_number --abi=coffabi --preproc_with_compile --preproc_dependency="main.d_raw"  "../main.c"
 
>> Compilation failure
subdir_rules.mk:9: recipe for target 'main.obj' failed
"../main.c", line 8: error #20: identifier "q" is undefined
"../main.c", line 9: error #66: expected a ";"
2 errors detected in the compilation of "../main.c".
gmake: *** [main.obj] Error 1
gmake: Target 'all' not remade because of errors.

**** 构建完成 ****

****项目 example0 配置 Release 中的 构建****

"D:\\ProgramFiles\\CCS\\ccs\\utils\\bin\\gmake" -k -j 24 all -O 
 
Building file: "../main.c"
姝ｅ湪璋冪敤锛?C2000 Compiler
"D:/ProgramFiles/CCS/ccs/tools/compiler/ti-cgt-c2000_22.6.1.LTS/bin/cl2000" -v28 -ml -mt --float_support=fpu32 -O2 --include_path="C:/Users/30495/Desktop/CCSPro/example0" --include_path="D:/ProgramFiles/CCS/ccs/tools/compiler/ti-cgt-c2000_22.6.1.LTS/include" --diag_warning=225 --diag_wrap=off --display_error_number --abi=coffabi --preproc_with_compile --preproc_dependency="main.d_raw"  "../main.c"
 
>> Compilation failure
subdir_rules.mk:9: recipe for target 'main.obj' failed
"../main.c", line 8: error #20: identifier "q" is undefined
"../main.c", line 9: error #66: expected a ";"
2 errors detected in the compilation of "../main.c".
gmake: *** [main.obj] Error 1
gmake: Target 'all' not remade because of errors.

**** 构建完成 ****

****项目 example0 配置 Release 中的 构建****

"D:\\ProgramFiles\\CCS\\ccs\\utils\\bin\\gmake" -k -j 24 all -O 
 
Building file: "../main.c"
姝ｅ湪璋冪敤锛?C2000 Compiler
"D:/ProgramFiles/CCS/ccs/tools/compiler/ti-cgt-c2000_22.6.1.LTS/bin/cl2000" -v28 -ml -mt --float_support=fpu32 -O2 --include_path="C:/Users/30495/Desktop/CCSPro/example0" --include_path="D:/ProgramFiles/CCS/ccs/tools/compiler/ti-cgt-c2000_22.6.1.LTS/include" --diag_warning=225 --diag_wrap=off --display_error_number --abi=coffabi --preproc_with_compile --preproc_dependency="main.d_raw"  "../main.c"
Finished building: "../main.c"
 
Building target: "example0.out"
姝ｅ湪璋冪敤锛?C2000 Linker
"D:/ProgramFiles/CCS/ccs/tools/compiler/ti-cgt-c2000_22.6.1.LTS/bin/cl2000" -v28 -ml -mt --float_support=fpu32 -O2 --diag_warning=225 --diag_wrap=off --display_error_number --abi=coffabi -z -m"example0.map" --stack_size=0x300 --warn_sections -i"D:/ProgramFiles/CCS/ccs/tools/compiler/ti-cgt-c2000_22.6.1.LTS/lib" -i"D:/ProgramFiles/CCS/ccs/tools/compiler/ti-cgt-c2000_22.6.1.LTS/include" --reread_libs --diag_wrap=off --display_error_number --xml_link_info="example0_linkInfo.xml" --rom_model -o "example0.out" "./main.obj" "../28335_RAM_lnk.cmd"  -llibc.a 
<Linking>
Finished building target: "example0.out"
 

**** 构建完成 ****

****项目 example0 配置 Release 中的 构建****

"D:\\ProgramFiles\\CCS\\ccs\\utils\\bin\\gmake" -k -j 24 all -O 
 
gmake[1]: 'example0.out' is up to date.

**** 构建完成 ****

****项目 example0 配置 Release 中的 构建****

"D:\\ProgramFiles\\CCS\\ccs\\utils\\bin\\gmake" -k -j 24 all -O 
 
gmake[1]: 'example0.out' is up to date.

**** 构建完成 ****

****项目 example0 配置 Debug 中的 构建****

"D:\\ProgramFiles\\CCS\\ccs\\utils\\bin\\gmake" -k -j 24 all -O 
 
Building file: "../main.c"
姝ｅ湪璋冪敤锛?C2000 Compiler
"D:/ProgramFiles/CCS/ccs/tools/compiler/ti-cgt-c2000_22.6.1.LTS/bin/cl2000" -v28 -ml -mt --float_support=fpu32 --include_path="C:/Users/30495/Desktop/CCSPro/example0" --include_path="D:/ProgramFiles/CCS/ccs/tools/compiler/ti-cgt-c2000_22.6.1.LTS/include" -g --diag_warning=225 --diag_wrap=off --display_error_number --abi=coffabi --preproc_with_compile --preproc_dependency="main.d_raw"  "../main.c"
Finished building: "../main.c"
 
Building target: "example0.out"
姝ｅ湪璋冪敤锛?C2000 Linker
"D:/ProgramFiles/CCS/ccs/tools/compiler/ti-cgt-c2000_22.6.1.LTS/bin/cl2000" -v28 -ml -mt --float_support=fpu32 -g --diag_warning=225 --diag_wrap=off --display_error_number --abi=coffabi -z -m"example0.map" --stack_size=0x300 --warn_sections -i"D:/ProgramFiles/CCS/ccs/tools/compiler/ti-cgt-c2000_22.6.1.LTS/lib" -i"D:/ProgramFiles/CCS/ccs/tools/compiler/ti-cgt-c2000_22.6.1.LTS/include" --reread_libs --diag_wrap=off --display_error_number --xml_link_info="example0_linkInfo.xml" --rom_model -o "example0.out" "./main.obj" "../28335_RAM_lnk.cmd"  -llibc.a 
<Linking>
Finished building target: "example0.out"
 

**** 构建完成 ****

****项目 example0 配置 Debug 中的 构建****

"D:\\ProgramFiles\\CCS\\ccs\\utils\\bin\\gmake" -k -j 24 all -O 
 
gmake[1]: 'example0.out' is up to date.

**** 构建完成 ****

****项目 example0 配置 Debug 中的 构建****

"D:\\ProgramFiles\\CCS\\ccs\\utils\\bin\\gmake" -k -j 24 all -O 
 
gmake[1]: 'example0.out' is up to date.

**** 构建完成 ****

****项目 example0 配置 Debug 中的 构建****

"D:\\ProgramFiles\\CCS\\ccs\\utils\\bin\\gmake" -k -j 24 all -O 
 
gmake[1]: 'example0.out' is up to date.

**** 构建完成 ****

****项目 example0 配置 Debug 中的 构建****

"D:\\ProgramFiles\\CCS\\ccs\\utils\\bin\\gmake" -k -j 24 all -O 
 
gmake[1]: 'example0.out' is up to date.

**** 构建完成 ****

****项目 example0 配置 Debug 中的 构建****

"D:\\ProgramFiles\\CCS\\ccs\\utils\\bin\\gmake" -k -j 24 all -O 
 
gmake[1]: 'example0.out' is up to date.

**** 构建完成 ****

****项目 example0 配置 Debug 中的 构建****

"D:\\ProgramFiles\\CCS\\ccs\\utils\\bin\\gmake" -k -j 24 all -O 
 
gmake[1]: 'example0.out' is up to date.

**** 构建完成 ****

****项目 example0 配置 Debug 中的 构建****

"D:\\ProgramFiles\\CCS\\ccs\\utils\\bin\\gmake" -k -j 24 all -O 
 
gmake[1]: 'example0.out' is up to date.

**** 构建完成 ****

****项目 example0 配置 Debug 中的 构建****

"D:\\ProgramFiles\\CCS\\ccs\\utils\\bin\\gmake" -k -j 24 all -O 
 
gmake[1]: 'example0.out' is up to date.

**** 构建完成 ****

****项目 example0 配置 Debug 中的 构建****

"D:\\ProgramFiles\\CCS\\ccs\\utils\\bin\\gmake" -k -j 24 all -O 
 
gmake[1]: 'example0.out' is up to date.

**** 构建完成 ****

****项目 example0 配置 Release 中的 构建****

"D:\\ProgramFiles\\CCS\\ccs\\utils\\bin\\gmake" -k -j 24 all -O 
 
gmake[1]: 'example0.out' is up to date.

**** 构建完成 ****

****项目 example0 配置 Release 中的 构建****

"D:\\ProgramFiles\\CCS\\ccs\\utils\\bin\\gmake" -k -j 24 all -O 
 
gmake[1]: 'example0.out' is up to date.

**** 构建完成 ****

****项目 example0 配置 Debug 中的 构建****

"D:\\ProgramFiles\\CCS\\ccs\\utils\\bin\\gmake" -k -j 24 all -O 
 
gmake[1]: 'example0.out' is up to date.

**** 构建完成 ****

****项目 example0 配置 Debug 中的 构建****

"D:\\ProgramFiles\\CCS\\ccs\\utils\\bin\\gmake" -k -j 24 all -O 
 
gmake[1]: 'example0.out' is up to date.

**** 构建完成 ****

****项目 1.ProCreate 配置 Debug 中的 仅清理的构建****

"D:\\ProgramFiles\\CCS\\ccs\\utils\\bin\\gmake" -k -j 24 clean -O 
 
DEL /F  "1.ProCreate.out" 
DEL /F "main.obj" 
DEL /F "main.d" 
Finished clean
 

**** 构建完成 ****

****项目 1.ProCreate 配置 Debug 中的 仅清理的构建****

"D:\\ProgramFiles\\CCS\\ccs\\utils\\bin\\gmake" -k -j 24 clean -O 
 
DEL /F  "1.ProCreate.out" 
DEL /F "main.obj" 
DEL /F "main.d" 
找不到 C:\Users\30495\Desktop\CCSPro\1.ProCreate\Debug\1.ProCreate.out
找不到 C:\Users\30495\Desktop\CCSPro\1.ProCreate\Debug\main.obj
找不到 C:\Users\30495\Desktop\CCSPro\1.ProCreate\Debug\main.d
Finished clean
 

**** 构建完成 ****

****项目 example0 配置 Debug 中的 仅清理的构建****

"D:\\ProgramFiles\\CCS\\ccs\\utils\\bin\\gmake" -k -j 24 clean -O 
 
DEL /F  "example0.out" 
DEL /F "main.obj" 
DEL /F "main.d" 
Finished clean
 

**** 构建完成 ****

****项目 example0 配置 Debug 中的 仅清理的构建****

"D:\\ProgramFiles\\CCS\\ccs\\utils\\bin\\gmake" -k -j 24 clean -O 
 
DEL /F  "example0.out" 
DEL /F "main.obj" 
DEL /F "main.d" 
找不到 C:\Users\30495\Desktop\CCSPro\example0\Debug\example0.out
找不到 C:\Users\30495\Desktop\CCSPro\example0\Debug\main.obj
找不到 C:\Users\30495\Desktop\CCSPro\example0\Debug\main.d
Finished clean
 

**** 构建完成 ****

****项目 1.ProCreate 配置 Debug 中的 构建****

"D:\\ProgramFiles\\CCS\\ccs\\utils\\bin\\gmake" -k -j 24 all -O 
 
Building file: "../main.c"
姝ｅ湪璋冪敤锛?C2000 Compiler
"D:/ProgramFiles/CCS/ccs/tools/compiler/ti-cgt-c2000_22.6.1.LTS/bin/cl2000" -v28 -ml -mt --float_support=fpu32 --include_path="C:/Users/30495/Desktop/CCSPro/1.ProCreate" --include_path="D:/ProgramFiles/CCS/ccs/tools/compiler/ti-cgt-c2000_22.6.1.LTS/include" -g --diag_warning=225 --diag_wrap=off --display_error_number --abi=coffabi --preproc_with_compile --preproc_dependency="main.d_raw"  "../main.c"
Finished building: "../main.c"
 
Building target: "1.ProCreate.out"
姝ｅ湪璋冪敤锛?C2000 Linker
"D:/ProgramFiles/CCS/ccs/tools/compiler/ti-cgt-c2000_22.6.1.LTS/bin/cl2000" -v28 -ml -mt --float_support=fpu32 -g --diag_warning=225 --diag_wrap=off --display_error_number --abi=coffabi -z -m"1.ProCreate.map" --stack_size=0x300 --warn_sections -i"D:/ProgramFiles/CCS/ccs/tools/compiler/ti-cgt-c2000_22.6.1.LTS/lib" -i"D:/ProgramFiles/CCS/ccs/tools/compiler/ti-cgt-c2000_22.6.1.LTS/include" --reread_libs --diag_wrap=off --display_error_number --xml_link_info="1.ProCreate_linkInfo.xml" --rom_model -o "1.ProCreate.out" "./main.obj" "../28335_RAM_lnk.cmd"  -llibc.a 
<Linking>
Finished building target: "1.ProCreate.out"
 

**** 构建完成 ****

****项目 example0 配置 Debug 中的 构建****

"D:\\ProgramFiles\\CCS\\ccs\\utils\\bin\\gmake" -k -j 24 all -O 
 
Building file: "../main.c"
姝ｅ湪璋冪敤锛?C2000 Compiler
"D:/ProgramFiles/CCS/ccs/tools/compiler/ti-cgt-c2000_22.6.1.LTS/bin/cl2000" -v28 -ml -mt --float_support=fpu32 --include_path="C:/Users/30495/Desktop/CCSPro/example0" --include_path="D:/ProgramFiles/CCS/ccs/tools/compiler/ti-cgt-c2000_22.6.1.LTS/include" -g --diag_warning=225 --diag_wrap=off --display_error_number --abi=coffabi --preproc_with_compile --preproc_dependency="main.d_raw"  "../main.c"
"../main.c", line 9: warning #225-D: function "printf" declared implicitly
Finished building: "../main.c"
 
Building target: "example0.out"
姝ｅ湪璋冪敤锛?C2000 Linker
"D:/ProgramFiles/CCS/ccs/tools/compiler/ti-cgt-c2000_22.6.1.LTS/bin/cl2000" -v28 -ml -mt --float_support=fpu32 -g --diag_warning=225 --diag_wrap=off --display_error_number --abi=coffabi -z -m"example0.map" --stack_size=0x300 --warn_sections -i"D:/ProgramFiles/CCS/ccs/tools/compiler/ti-cgt-c2000_22.6.1.LTS/lib" -i"D:/ProgramFiles/CCS/ccs/tools/compiler/ti-cgt-c2000_22.6.1.LTS/include" --reread_libs --diag_wrap=off --display_error_number --xml_link_info="example0_linkInfo.xml" --rom_model -o "example0.out" "./main.obj" "../28335_RAM_lnk.cmd"  -llibc.a 
<Linking>
warning #10247-D: creating output section ".cio" without a SECTIONS specification
warning #10210-D: creating ".esysmem" section with default size of 0x400; use the -heap option to change the default size
"../28335_RAM_lnk.cmd", line 133: error #10099-D: program will not fit into available memory, or the section contains a call site that requires a trampoline that can't be generated for this section. placement with alignment/blocking fails for section ".text" size 0x1da7 page 0.  Available memory ranges:
   RAML1        size: 0x1000       unused: 0x1000       max hole: 0x1000    
"../28335_RAM_lnk.cmd", line 138: error #10099-D: program will not fit into available memory, or the section contains a call site that requires a trampoline that can't be generated for this section. run placement with alignment/blocking fails for section ".stack" size 0x300 page 1.  Available memory ranges:
   RAMM1        size: 0x400        unused: 0x0          max hole: 0x0       
error #10010: errors encountered during linking; "example0.out" not built
 
>> Compilation failure
makefile:135: recipe for target 'example0.out' failed
gmake[1]: *** [example0.out] Error 1
makefile:131: recipe for target 'all' failed
gmake: *** [all] Error 2

**** 构建完成 ****

****项目 example0 配置 Debug 中的 构建****

"D:\\ProgramFiles\\CCS\\ccs\\utils\\bin\\gmake" -k -j 24 all -O 
 
Building file: "../main.c"
姝ｅ湪璋冪敤锛?C2000 Compiler
"D:/ProgramFiles/CCS/ccs/tools/compiler/ti-cgt-c2000_22.6.1.LTS/bin/cl2000" -v28 -ml -mt --float_support=fpu32 --include_path="C:/Users/30495/Desktop/CCSPro/example0" --include_path="D:/ProgramFiles/CCS/ccs/tools/compiler/ti-cgt-c2000_22.6.1.LTS/include" -g --diag_warning=225 --diag_wrap=off --display_error_number --abi=coffabi --preproc_with_compile --preproc_dependency="main.d_raw"  "../main.c"
Finished building: "../main.c"
 
Building target: "example0.out"
姝ｅ湪璋冪敤锛?C2000 Linker
"D:/ProgramFiles/CCS/ccs/tools/compiler/ti-cgt-c2000_22.6.1.LTS/bin/cl2000" -v28 -ml -mt --float_support=fpu32 -g --diag_warning=225 --diag_wrap=off --display_error_number --abi=coffabi -z -m"example0.map" --stack_size=0x300 --warn_sections -i"D:/ProgramFiles/CCS/ccs/tools/compiler/ti-cgt-c2000_22.6.1.LTS/lib" -i"D:/ProgramFiles/CCS/ccs/tools/compiler/ti-cgt-c2000_22.6.1.LTS/include" --reread_libs --diag_wrap=off --display_error_number --xml_link_info="example0_linkInfo.xml" --rom_model -o "example0.out" "./main.obj" "../28335_RAM_lnk.cmd"  -llibc.a 
<Linking>
warning #10247-D: creating output section ".cio" without a SECTIONS specification
warning #10210-D: creating ".esysmem" section with default size of 0x400; use the -heap option to change the default size
"../28335_RAM_lnk.cmd", line 133: error #10099-D: program will not fit into available memory, or the section contains a call site that requires a trampoline that can't be generated for this section. placement with alignment/blocking fails for section ".text" size 0x1daa page 0.  Available memory ranges:
   RAML1        size: 0x1000       unused: 0x1000       max hole: 0x1000    
"../28335_RAM_lnk.cmd", line 138: error #10099-D: program will not fit into available memory, or the section contains a call site that requires a trampoline that can't be generated for this section. run placement with alignment/blocking fails for section ".stack" size 0x300 page 1.  Available memory ranges:
   RAMM1        size: 0x400        unused: 0x0          max hole: 0x0       
error #10010: errors encountered during linking; "example0.out" not built
 
>> Compilation failure
makefile:135: recipe for target 'example0.out' failed
gmake[1]: *** [example0.out] Error 1
makefile:131: recipe for target 'all' failed
gmake: *** [all] Error 2

**** 构建完成 ****

****项目 example0 配置 Debug 中的 构建****

"D:\\ProgramFiles\\CCS\\ccs\\utils\\bin\\gmake" -k -j 24 all -O 
 
Building file: "../main.c"
姝ｅ湪璋冪敤锛?C2000 Compiler
"D:/ProgramFiles/CCS/ccs/tools/compiler/ti-cgt-c2000_22.6.1.LTS/bin/cl2000" -v28 -ml -mt --float_support=fpu32 --include_path="C:/Users/30495/Desktop/CCSPro/example0" --include_path="D:/ProgramFiles/CCS/ccs/tools/compiler/ti-cgt-c2000_22.6.1.LTS/include" -g --diag_warning=225 --diag_wrap=off --display_error_number --abi=coffabi --preproc_with_compile --preproc_dependency="main.d_raw"  "../main.c"
 
>> Compilation failure
subdir_rules.mk:9: recipe for target 'main.obj' failed
"../main.c", line 2: fatal error #1965: cannot open source file "DSP28x_Project.h"
1 catastrophic error detected in the compilation of "../main.c".
Compilation terminated.
gmake: *** [main.obj] Error 1
gmake: Target 'all' not remade because of errors.

**** 构建完成 ****

****项目 example0 配置 Debug 中的 构建****

"D:\\ProgramFiles\\CCS\\ccs\\utils\\bin\\gmake" -k -j 24 all -O 
 
Building file: "../main.c"
姝ｅ湪璋冪敤锛?C2000 Compiler
"D:/ProgramFiles/CCS/ccs/tools/compiler/ti-cgt-c2000_22.6.1.LTS/bin/cl2000" -v28 -ml -mt --float_support=fpu32 --include_path="C:/Users/30495/Desktop/CCSPro/example0" --include_path="D:/ProgramFiles/CCS/ccs/tools/compiler/ti-cgt-c2000_22.6.1.LTS/include" -g --diag_warning=225 --diag_wrap=off --display_error_number --abi=coffabi --preproc_with_compile --preproc_dependency="main.d_raw"  "../main.c"
Finished building: "../main.c"
 
Building target: "example0.out"
姝ｅ湪璋冪敤锛?C2000 Linker
"D:/ProgramFiles/CCS/ccs/tools/compiler/ti-cgt-c2000_22.6.1.LTS/bin/cl2000" -v28 -ml -mt --float_support=fpu32 -g --diag_warning=225 --diag_wrap=off --display_error_number --abi=coffabi -z -m"example0.map" --stack_size=0x300 --warn_sections -i"D:/ProgramFiles/CCS/ccs/tools/compiler/ti-cgt-c2000_22.6.1.LTS/lib" -i"D:/ProgramFiles/CCS/ccs/tools/compiler/ti-cgt-c2000_22.6.1.LTS/include" --reread_libs --diag_wrap=off --display_error_number --xml_link_info="example0_linkInfo.xml" --rom_model -o "example0.out" "./main.obj" "../28335_RAM_lnk.cmd"  -llibc.a 
<Linking>
warning #10247-D: creating output section ".cio" without a SECTIONS specification
warning #10210-D: creating ".esysmem" section with default size of 0x400; use the -heap option to change the default size
"../28335_RAM_lnk.cmd", line 133: error #10099-D: program will not fit into available memory, or the section contains a call site that requires a trampoline that can't be generated for this section. placement with alignment/blocking fails for section ".text" size 0x1daa page 0.  Available memory ranges:
   RAML1        size: 0x1000       unused: 0x1000       max hole: 0x1000    
"../28335_RAM_lnk.cmd", line 138: error #10099-D: program will not fit into available memory, or the section contains a call site that requires a trampoline that can't be generated for this section. run placement with alignment/blocking fails for section ".stack" size 0x300 page 1.  Available memory ranges:
   RAMM1        size: 0x400        unused: 0x0          max hole: 0x0       
error #10010: errors encountered during linking; "example0.out" not built
 
>> Compilation failure
makefile:135: recipe for target 'example0.out' failed
gmake[1]: *** [example0.out] Error 1
makefile:131: recipe for target 'all' failed
gmake: *** [all] Error 2

**** 构建完成 ****

****项目 example0 配置 Debug 中的 仅清理的构建****

"D:\\ProgramFiles\\CCS\\ccs\\utils\\bin\\gmake" -k -j 24 clean -O 
 
DEL /F  "example0.out" 
DEL /F "main.obj" 
DEL /F "main.d" 
找不到 C:\Users\30495\Desktop\CCSPro\example0\Debug\example0.out
Finished clean
 

**** 构建完成 ****

****项目 example0 配置 Debug 中的 仅清理的构建****

"D:\\ProgramFiles\\CCS\\ccs\\utils\\bin\\gmake" -k -j 24 clean -O 
 
DEL /F  "example0.out" 
DEL /F "main.obj" 
DEL /F "main.d" 
找不到 C:\Users\30495\Desktop\CCSPro\example0\Debug\example0.out
找不到 C:\Users\30495\Desktop\CCSPro\example0\Debug\main.obj
找不到 C:\Users\30495\Desktop\CCSPro\example0\Debug\main.d
Finished clean
 

**** 构建完成 ****

****项目 example0 配置 Debug 中的 构建****

"D:\\ProgramFiles\\CCS\\ccs\\utils\\bin\\gmake" -k -j 24 all -O 
 
Building file: "../main.c"
姝ｅ湪璋冪敤锛?C2000 Compiler
"D:/ProgramFiles/CCS/ccs/tools/compiler/ti-cgt-c2000_22.6.1.LTS/bin/cl2000" -v28 -ml -mt --float_support=fpu32 --include_path="D:/ProgramFiles/CCS/ccs/tools/compiler/ti-cgt-c2000_22.6.1.LTS/include" -g --diag_warning=225 --diag_wrap=off --display_error_number --abi=coffabi --preproc_with_compile --preproc_dependency="main.d_raw"  "../main.c"
Finished building: "../main.c"
 
Building target: "example0.out"
姝ｅ湪璋冪敤锛?C2000 Linker
"D:/ProgramFiles/CCS/ccs/tools/compiler/ti-cgt-c2000_22.6.1.LTS/bin/cl2000" -v28 -ml -mt --float_support=fpu32 -g --diag_warning=225 --diag_wrap=off --display_error_number --abi=coffabi -z -m"example0.map" --stack_size=0x300 --warn_sections -i"D:/ProgramFiles/CCS/ccs/tools/compiler/ti-cgt-c2000_22.6.1.LTS/lib" -i"D:/ProgramFiles/CCS/ccs/tools/compiler/ti-cgt-c2000_22.6.1.LTS/include" --reread_libs --diag_wrap=off --display_error_number --xml_link_info="example0_linkInfo.xml" --rom_model -o "example0.out" "./main.obj" "../28335_RAM_lnk.cmd"  -llibc.a 
<Linking>
warning #10247-D: creating output section ".cio" without a SECTIONS specification
warning #10210-D: creating ".esysmem" section with default size of 0x400; use the -heap option to change the default size
"../28335_RAM_lnk.cmd", line 133: error #10099-D: program will not fit into available memory, or the section contains a call site that requires a trampoline that can't be generated for this section. placement with alignment/blocking fails for section ".text" size 0x1daa page 0.  Available memory ranges:
   RAML1        size: 0x1000       unused: 0x1000       max hole: 0x1000    
"../28335_RAM_lnk.cmd", line 138: error #10099-D: program will not fit into available memory, or the section contains a call site that requires a trampoline that can't be generated for this section. run placement with alignment/blocking fails for section ".stack" size 0x300 page 1.  Available memory ranges:
   RAMM1        size: 0x400        unused: 0x0          max hole: 0x0       
error #10010: errors encountered during linking; "example0.out" not built
 
>> Compilation failure
makefile:135: recipe for target 'example0.out' failed
gmake[1]: *** [example0.out] Error 1
makefile:131: recipe for target 'all' failed
gmake: *** [all] Error 2

**** 构建完成 ****

****项目 example0 配置 Debug 中的 构建****

"D:\\ProgramFiles\\CCS\\ccs\\utils\\bin\\gmake" -k -j 24 all -O 
 
Building file: "../main.c"
姝ｅ湪璋冪敤锛?C2000 Compiler
"D:/ProgramFiles/CCS/ccs/tools/compiler/ti-cgt-c2000_22.6.1.LTS/bin/cl2000" -v28 -ml -mt --float_support=fpu32 --include_path="D:/ProgramFiles/CCS/ccs/tools/compiler/ti-cgt-c2000_22.6.1.LTS/include" -g --diag_warning=225 --diag_wrap=off --display_error_number --abi=coffabi --preproc_with_compile --preproc_dependency="main.d_raw"  "../main.c"
Finished building: "../main.c"
 
Building target: "example0.out"
姝ｅ湪璋冪敤锛?C2000 Linker
"D:/ProgramFiles/CCS/ccs/tools/compiler/ti-cgt-c2000_22.6.1.LTS/bin/cl2000" -v28 -ml -mt --float_support=fpu32 -g --diag_warning=225 --diag_wrap=off --display_error_number --abi=coffabi -z -m"example0.map" --stack_size=0x300 --warn_sections -i"D:/ProgramFiles/CCS/ccs/tools/compiler/ti-cgt-c2000_22.6.1.LTS/lib" -i"D:/ProgramFiles/CCS/ccs/tools/compiler/ti-cgt-c2000_22.6.1.LTS/include" --reread_libs --diag_wrap=off --display_error_number --xml_link_info="example0_linkInfo.xml" --rom_model -o "example0.out" "./main.obj" "../28335_RAM_lnk.cmd"  -llibc.a 
<Linking>
Finished building target: "example0.out"
 

**** 构建完成 ****

****项目 example0 配置 Debug 中的 构建****

"D:\\ProgramFiles\\CCS\\ccs\\utils\\bin\\gmake" -k -j 24 all -O 
 
gmake[1]: 'example0.out' is up to date.

**** 构建完成 ****

****项目 example0 配置 Debug 中的 构建****

"D:\\ProgramFiles\\CCS\\ccs\\utils\\bin\\gmake" -k -j 24 all -O 
 
gmake[1]: 'example0.out' is up to date.

**** 构建完成 ****

****项目 example0 配置 Debug 中的 仅清理的构建****

"D:\\ProgramFiles\\CCS\\ccs\\utils\\bin\\gmake" -k -j 24 clean -O 
 
DEL /F  "example0.out" 
DEL /F "main.obj" 
DEL /F "main.d" 
Finished clean
 

**** 构建完成 ****

****项目 example0 配置 Debug 中的 构建****

"D:\\ProgramFiles\\CCS\\ccs\\utils\\bin\\gmake" -k -j 24 all -O 
 
Building file: "../main.c"
姝ｅ湪璋冪敤锛?C2000 Compiler
"D:/ProgramFiles/CCS/ccs/tools/compiler/ti-cgt-c2000_22.6.1.LTS/bin/cl2000" -v28 -ml -mt --float_support=fpu32 --include_path="D:/ProgramFiles/CCS/ccs/tools/compiler/ti-cgt-c2000_22.6.1.LTS/include" -g --diag_warning=225 --diag_wrap=off --display_error_number --abi=coffabi --preproc_with_compile --preproc_dependency="main.d_raw"  "../main.c"
Finished building: "../main.c"
 
Building target: "example0.out"
姝ｅ湪璋冪敤锛?C2000 Linker
"D:/ProgramFiles/CCS/ccs/tools/compiler/ti-cgt-c2000_22.6.1.LTS/bin/cl2000" -v28 -ml -mt --float_support=fpu32 -g --diag_warning=225 --diag_wrap=off --display_error_number --abi=coffabi -z -m"example0.map" --stack_size=0x300 --warn_sections -i"D:/ProgramFiles/CCS/ccs/tools/compiler/ti-cgt-c2000_22.6.1.LTS/lib" -i"D:/ProgramFiles/CCS/ccs/tools/compiler/ti-cgt-c2000_22.6.1.LTS/include" --reread_libs --diag_wrap=off --display_error_number --xml_link_info="example0_linkInfo.xml" --rom_model -o "example0.out" "./main.obj" "../28335_RAM_lnk.cmd"  -llibc.a 
<Linking>
Finished building target: "example0.out"
 

**** 构建完成 ****

****项目 example0 配置 Debug 中的 仅清理的构建****

"D:\\ProgramFiles\\CCS\\ccs\\utils\\bin\\gmake" -k -j 24 clean -O 
 
DEL /F  "example0.out" 
DEL /F "main.obj" 
DEL /F "main.d" 
Finished clean
 

**** 构建完成 ****

****项目 example0 配置 Release 中的 构建****

"D:\\ProgramFiles\\CCS\\ccs\\utils\\bin\\gmake" -k -j 24 all -O 
 
Building file: "../main.c"
姝ｅ湪璋冪敤锛?C2000 Compiler
"D:/ProgramFiles/CCS/ccs/tools/compiler/ti-cgt-c2000_22.6.1.LTS/bin/cl2000" -v28 -ml -mt --float_support=fpu32 -O2 --include_path="C:/Users/30495/Desktop/CCSPro/example0" --include_path="D:/ProgramFiles/CCS/ccs/tools/compiler/ti-cgt-c2000_22.6.1.LTS/include" --diag_warning=225 --diag_wrap=off --display_error_number --abi=coffabi --preproc_with_compile --preproc_dependency="main.d_raw"  "../main.c"
Finished building: "../main.c"
 
Building target: "example0.out"
姝ｅ湪璋冪敤锛?C2000 Linker
"D:/ProgramFiles/CCS/ccs/tools/compiler/ti-cgt-c2000_22.6.1.LTS/bin/cl2000" -v28 -ml -mt --float_support=fpu32 -O2 --diag_warning=225 --diag_wrap=off --display_error_number --abi=coffabi -z -m"example0.map" --stack_size=0x300 --warn_sections -i"D:/ProgramFiles/CCS/ccs/tools/compiler/ti-cgt-c2000_22.6.1.LTS/lib" -i"D:/ProgramFiles/CCS/ccs/tools/compiler/ti-cgt-c2000_22.6.1.LTS/include" --reread_libs --diag_wrap=off --display_error_number --xml_link_info="example0_linkInfo.xml" --rom_model -o "example0.out" "./main.obj" "../28335_RAM_lnk.cmd"  -llibc.a 
<Linking>
Finished building target: "example0.out"
 

**** 构建完成 ****

****项目 example0 配置 Debug 中的 构建****

"D:\\ProgramFiles\\CCS\\ccs\\utils\\bin\\gmake" -k -j 24 all -O 
 
Building file: "../main.c"
姝ｅ湪璋冪敤锛?C2000 Compiler
"D:/ProgramFiles/CCS/ccs/tools/compiler/ti-cgt-c2000_22.6.1.LTS/bin/cl2000" -v28 -ml -mt --float_support=fpu32 --include_path="D:/ProgramFiles/CCS/ccs/tools/compiler/ti-cgt-c2000_22.6.1.LTS/include" -g --diag_warning=225 --diag_wrap=off --display_error_number --abi=coffabi --preproc_with_compile --preproc_dependency="main.d_raw"  "../main.c"
Finished building: "../main.c"
 
Building target: "example0.out"
姝ｅ湪璋冪敤锛?C2000 Linker
"D:/ProgramFiles/CCS/ccs/tools/compiler/ti-cgt-c2000_22.6.1.LTS/bin/cl2000" -v28 -ml -mt --float_support=fpu32 -g --diag_warning=225 --diag_wrap=off --display_error_number --abi=coffabi -z -m"example0.map" --stack_size=0x300 --warn_sections -i"D:/ProgramFiles/CCS/ccs/tools/compiler/ti-cgt-c2000_22.6.1.LTS/lib" -i"D:/ProgramFiles/CCS/ccs/tools/compiler/ti-cgt-c2000_22.6.1.LTS/include" --reread_libs --diag_wrap=off --display_error_number --xml_link_info="example0_linkInfo.xml" --rom_model -o "example0.out" "./main.obj" "../28335_RAM_lnk.cmd"  -llibc.a 
<Linking>
Finished building target: "example0.out"
 

**** 构建完成 ****

****项目 example0 配置 Debug 中的 构建****

"D:\\ProgramFiles\\CCS\\ccs\\utils\\bin\\gmake" -k -j 24 all -O 
 
Building file: "../Driver/source/DSP2833x_GlobalVariableDefs.c"
姝ｅ湪璋冪敤锛?C2000 Compiler
"D:/ProgramFiles/CCS/ccs/tools/compiler/ti-cgt-c2000_22.6.1.LTS/bin/cl2000" -v28 -ml -mt --float_support=fpu32 --include_path="D:/ProgramFiles/CCS/ccs/tools/compiler/ti-cgt-c2000_22.6.1.LTS/include" -g --diag_warning=225 --diag_wrap=off --display_error_number --abi=coffabi --preproc_with_compile --preproc_dependency="Driver/source/DSP2833x_GlobalVariableDefs.d_raw" --obj_directory="Driver/source"  "../Driver/source/DSP2833x_GlobalVariableDefs.c"
 
>> Compilation failure
Driver/source/subdir_rules.mk:16: recipe for target 'Driver/source/DSP2833x_GlobalVariableDefs.obj' failed
"../Driver/source/DSP2833x_GlobalVariableDefs.c", line 48: fatal error #1965: cannot open source file "DSP2833x_Device.h"
1 catastrophic error detected in the compilation of "../Driver/source/DSP2833x_GlobalVariableDefs.c".
Compilation terminated.
gmake: *** [Driver/source/DSP2833x_GlobalVariableDefs.obj] Error 1
Building file: "../Driver/source/DSP2833x_SysCtrl.c"
姝ｅ湪璋冪敤锛?C2000 Compiler
"D:/ProgramFiles/CCS/ccs/tools/compiler/ti-cgt-c2000_22.6.1.LTS/bin/cl2000" -v28 -ml -mt --float_support=fpu32 --include_path="D:/ProgramFiles/CCS/ccs/tools/compiler/ti-cgt-c2000_22.6.1.LTS/include" -g --diag_warning=225 --diag_wrap=off --display_error_number --abi=coffabi --preproc_with_compile --preproc_dependency="Driver/source/DSP2833x_SysCtrl.d_raw" --obj_directory="Driver/source"  "../Driver/source/DSP2833x_SysCtrl.c"
 
>> Compilation failure
Driver/source/subdir_rules.mk:16: recipe for target 'Driver/source/DSP2833x_SysCtrl.obj' failed
"../Driver/source/DSP2833x_SysCtrl.c", line 50: fatal error #1965: cannot open source file "DSP2833x_Device.h"
1 catastrophic error detected in the compilation of "../Driver/source/DSP2833x_SysCtrl.c".
Compilation terminated.
gmake: *** [Driver/source/DSP2833x_SysCtrl.obj] Error 1
Building file: "../Driver/source/DSP2833x_ADC_cal.asm"
姝ｅ湪璋冪敤锛?C2000 Compiler
"D:/ProgramFiles/CCS/ccs/tools/compiler/ti-cgt-c2000_22.6.1.LTS/bin/cl2000" -v28 -ml -mt --float_support=fpu32 --include_path="D:/ProgramFiles/CCS/ccs/tools/compiler/ti-cgt-c2000_22.6.1.LTS/include" -g --diag_warning=225 --diag_wrap=off --display_error_number --abi=coffabi --preproc_with_compile --preproc_dependency="Driver/source/DSP2833x_ADC_cal.d_raw" --obj_directory="Driver/source"  "../Driver/source/DSP2833x_ADC_cal.asm"
Finished building: "../Driver/source/DSP2833x_ADC_cal.asm"
 
Building file: "../Driver/source/DSP2833x_usDelay.asm"
姝ｅ湪璋冪敤锛?C2000 Compiler
"D:/ProgramFiles/CCS/ccs/tools/compiler/ti-cgt-c2000_22.6.1.LTS/bin/cl2000" -v28 -ml -mt --float_support=fpu32 --include_path="D:/ProgramFiles/CCS/ccs/tools/compiler/ti-cgt-c2000_22.6.1.LTS/include" -g --diag_warning=225 --diag_wrap=off --display_error_number --abi=coffabi --preproc_with_compile --preproc_dependency="Driver/source/DSP2833x_usDelay.d_raw" --obj_directory="Driver/source"  "../Driver/source/DSP2833x_usDelay.asm"
Finished building: "../Driver/source/DSP2833x_usDelay.asm"
 
gmake: Target 'all' not remade because of errors.

**** 构建完成 ****

****项目 example0 配置 Debug 中的 构建****

"D:\\ProgramFiles\\CCS\\ccs\\utils\\bin\\gmake" -k -j 24 all -O 
 
Building file: "../Driver/source/DSP2833x_GlobalVariableDefs.c"
姝ｅ湪璋冪敤锛?C2000 Compiler
"D:/ProgramFiles/CCS/ccs/tools/compiler/ti-cgt-c2000_22.6.1.LTS/bin/cl2000" -v28 -ml -mt --float_support=fpu32 --include_path="D:/ProgramFiles/CCS/ccs/tools/compiler/ti-cgt-c2000_22.6.1.LTS/include" -g --diag_warning=225 --diag_wrap=off --display_error_number --abi=coffabi --preproc_with_compile --preproc_dependency="Driver/source/DSP2833x_GlobalVariableDefs.d_raw" --obj_directory="Driver/source"  "../Driver/source/DSP2833x_GlobalVariableDefs.c"
 
>> Compilation failure
Driver/source/subdir_rules.mk:16: recipe for target 'Driver/source/DSP2833x_GlobalVariableDefs.obj' failed
"../Driver/source/DSP2833x_GlobalVariableDefs.c", line 48: fatal error #1965: cannot open source file "DSP2833x_Device.h"
1 catastrophic error detected in the compilation of "../Driver/source/DSP2833x_GlobalVariableDefs.c".
Compilation terminated.
gmake: *** [Driver/source/DSP2833x_GlobalVariableDefs.obj] Error 1
Building file: "../Driver/source/DSP2833x_SysCtrl.c"
姝ｅ湪璋冪敤锛?C2000 Compiler
"D:/ProgramFiles/CCS/ccs/tools/compiler/ti-cgt-c2000_22.6.1.LTS/bin/cl2000" -v28 -ml -mt --float_support=fpu32 --include_path="D:/ProgramFiles/CCS/ccs/tools/compiler/ti-cgt-c2000_22.6.1.LTS/include" -g --diag_warning=225 --diag_wrap=off --display_error_number --abi=coffabi --preproc_with_compile --preproc_dependency="Driver/source/DSP2833x_SysCtrl.d_raw" --obj_directory="Driver/source"  "../Driver/source/DSP2833x_SysCtrl.c"
 
>> Compilation failure
Driver/source/subdir_rules.mk:16: recipe for target 'Driver/source/DSP2833x_SysCtrl.obj' failed
"../Driver/source/DSP2833x_SysCtrl.c", line 50: fatal error #1965: cannot open source file "DSP2833x_Device.h"
1 catastrophic error detected in the compilation of "../Driver/source/DSP2833x_SysCtrl.c".
Compilation terminated.
gmake: *** [Driver/source/DSP2833x_SysCtrl.obj] Error 1
Building file: "../User/app/main.c"
姝ｅ湪璋冪敤锛?C2000 Compiler
"D:/ProgramFiles/CCS/ccs/tools/compiler/ti-cgt-c2000_22.6.1.LTS/bin/cl2000" -v28 -ml -mt --float_support=fpu32 --include_path="D:/ProgramFiles/CCS/ccs/tools/compiler/ti-cgt-c2000_22.6.1.LTS/include" -g --diag_warning=225 --diag_wrap=off --display_error_number --abi=coffabi --preproc_with_compile --preproc_dependency="User/app/main.d_raw" --obj_directory="User/app"  "../User/app/main.c"
 
>> Compilation failure
User/app/subdir_rules.mk:9: recipe for target 'User/app/main.obj' failed
"../User/app/main.c", line 2: error #20: identifier "reture" is undefined
"../User/app/main.c", line 2: error #66: expected a ";"
2 errors detected in the compilation of "../User/app/main.c".
gmake: *** [User/app/main.obj] Error 1
gmake: Target 'all' not remade because of errors.

**** 构建完成 ****

****项目 example0 配置 Debug 中的 构建****

"D:\\ProgramFiles\\CCS\\ccs\\utils\\bin\\gmake" -k -j 24 all -O 
 
Building file: "../Driver/source/DSP2833x_GlobalVariableDefs.c"
姝ｅ湪璋冪敤锛?C2000 Compiler
"D:/ProgramFiles/CCS/ccs/tools/compiler/ti-cgt-c2000_22.6.1.LTS/bin/cl2000" -v28 -ml -mt --float_support=fpu32 --include_path="D:/ProgramFiles/CCS/ccs/tools/compiler/ti-cgt-c2000_22.6.1.LTS/include" -g --diag_warning=225 --diag_wrap=off --display_error_number --abi=coffabi --preproc_with_compile --preproc_dependency="Driver/source/DSP2833x_GlobalVariableDefs.d_raw" --obj_directory="Driver/source"  "../Driver/source/DSP2833x_GlobalVariableDefs.c"
 
>> Compilation failure
Driver/source/subdir_rules.mk:16: recipe for target 'Driver/source/DSP2833x_GlobalVariableDefs.obj' failed
"../Driver/source/DSP2833x_GlobalVariableDefs.c", line 48: fatal error #1965: cannot open source file "DSP2833x_Device.h"
1 catastrophic error detected in the compilation of "../Driver/source/DSP2833x_GlobalVariableDefs.c".
Compilation terminated.
gmake: *** [Driver/source/DSP2833x_GlobalVariableDefs.obj] Error 1
Building file: "../Driver/source/DSP2833x_SysCtrl.c"
姝ｅ湪璋冪敤锛?C2000 Compiler
"D:/ProgramFiles/CCS/ccs/tools/compiler/ti-cgt-c2000_22.6.1.LTS/bin/cl2000" -v28 -ml -mt --float_support=fpu32 --include_path="D:/ProgramFiles/CCS/ccs/tools/compiler/ti-cgt-c2000_22.6.1.LTS/include" -g --diag_warning=225 --diag_wrap=off --display_error_number --abi=coffabi --preproc_with_compile --preproc_dependency="Driver/source/DSP2833x_SysCtrl.d_raw" --obj_directory="Driver/source"  "../Driver/source/DSP2833x_SysCtrl.c"
 
>> Compilation failure
Driver/source/subdir_rules.mk:16: recipe for target 'Driver/source/DSP2833x_SysCtrl.obj' failed
"../Driver/source/DSP2833x_SysCtrl.c", line 50: fatal error #1965: cannot open source file "DSP2833x_Device.h"
1 catastrophic error detected in the compilation of "../Driver/source/DSP2833x_SysCtrl.c".
Compilation terminated.
gmake: *** [Driver/source/DSP2833x_SysCtrl.obj] Error 1
Building file: "../User/app/main.c"
姝ｅ湪璋冪敤锛?C2000 Compiler
"D:/ProgramFiles/CCS/ccs/tools/compiler/ti-cgt-c2000_22.6.1.LTS/bin/cl2000" -v28 -ml -mt --float_support=fpu32 --include_path="D:/ProgramFiles/CCS/ccs/tools/compiler/ti-cgt-c2000_22.6.1.LTS/include" -g --diag_warning=225 --diag_wrap=off --display_error_number --abi=coffabi --preproc_with_compile --preproc_dependency="User/app/main.d_raw" --obj_directory="User/app"  "../User/app/main.c"
 
>> Compilation failure
User/app/subdir_rules.mk:9: recipe for target 'User/app/main.obj' failed
"../User/app/main.c", line 2: error #20: identifier "reture" is undefined
"../User/app/main.c", line 2: error #66: expected a ";"
2 errors detected in the compilation of "../User/app/main.c".
gmake: *** [User/app/main.obj] Error 1
gmake: Target 'all' not remade because of errors.

**** 构建完成 ****

****项目 example0 配置 Debug 中的 构建****

"D:\\ProgramFiles\\CCS\\ccs\\utils\\bin\\gmake" -k -j 24 all -O 
 
Building file: "../Driver/source/DSP2833x_GlobalVariableDefs.c"
姝ｅ湪璋冪敤锛?C2000 Compiler
"D:/ProgramFiles/CCS/ccs/tools/compiler/ti-cgt-c2000_22.6.1.LTS/bin/cl2000" -v28 -ml -mt --float_support=fpu32 --include_path="D:/ProgramFiles/CCS/ccs/tools/compiler/ti-cgt-c2000_22.6.1.LTS/include" -g --diag_warning=225 --diag_wrap=off --display_error_number --abi=coffabi --preproc_with_compile --preproc_dependency="Driver/source/DSP2833x_GlobalVariableDefs.d_raw" --obj_directory="Driver/source"  "../Driver/source/DSP2833x_GlobalVariableDefs.c"
 
>> Compilation failure
Driver/source/subdir_rules.mk:16: recipe for target 'Driver/source/DSP2833x_GlobalVariableDefs.obj' failed
"../Driver/source/DSP2833x_GlobalVariableDefs.c", line 48: fatal error #1965: cannot open source file "DSP2833x_Device.h"
1 catastrophic error detected in the compilation of "../Driver/source/DSP2833x_GlobalVariableDefs.c".
Compilation terminated.
gmake: *** [Driver/source/DSP2833x_GlobalVariableDefs.obj] Error 1
Building file: "../Driver/source/DSP2833x_SysCtrl.c"
姝ｅ湪璋冪敤锛?C2000 Compiler
"D:/ProgramFiles/CCS/ccs/tools/compiler/ti-cgt-c2000_22.6.1.LTS/bin/cl2000" -v28 -ml -mt --float_support=fpu32 --include_path="D:/ProgramFiles/CCS/ccs/tools/compiler/ti-cgt-c2000_22.6.1.LTS/include" -g --diag_warning=225 --diag_wrap=off --display_error_number --abi=coffabi --preproc_with_compile --preproc_dependency="Driver/source/DSP2833x_SysCtrl.d_raw" --obj_directory="Driver/source"  "../Driver/source/DSP2833x_SysCtrl.c"
 
>> Compilation failure
Driver/source/subdir_rules.mk:16: recipe for target 'Driver/source/DSP2833x_SysCtrl.obj' failed
"../Driver/source/DSP2833x_SysCtrl.c", line 50: fatal error #1965: cannot open source file "DSP2833x_Device.h"
1 catastrophic error detected in the compilation of "../Driver/source/DSP2833x_SysCtrl.c".
Compilation terminated.
gmake: *** [Driver/source/DSP2833x_SysCtrl.obj] Error 1
Building file: "../User/app/main.c"
姝ｅ湪璋冪敤锛?C2000 Compiler
"D:/ProgramFiles/CCS/ccs/tools/compiler/ti-cgt-c2000_22.6.1.LTS/bin/cl2000" -v28 -ml -mt --float_support=fpu32 --include_path="D:/ProgramFiles/CCS/ccs/tools/compiler/ti-cgt-c2000_22.6.1.LTS/include" -g --diag_warning=225 --diag_wrap=off --display_error_number --abi=coffabi --preproc_with_compile --preproc_dependency="User/app/main.d_raw" --obj_directory="User/app"  "../User/app/main.c"
 
>> Compilation failure
User/app/subdir_rules.mk:9: recipe for target 'User/app/main.obj' failed
"../User/app/main.c", line 2: error #20: identifier "reture" is undefined
"../User/app/main.c", line 2: error #66: expected a ";"
2 errors detected in the compilation of "../User/app/main.c".
gmake: *** [User/app/main.obj] Error 1
gmake: Target 'all' not remade because of errors.

**** 构建完成 ****

****项目 example0 配置 Debug 中的 构建****

"D:\\ProgramFiles\\CCS\\ccs\\utils\\bin\\gmake" -k -j 24 all -O 
 
Building file: "../User/app/main.c"
姝ｅ湪璋冪敤锛?C2000 Compiler
"D:/ProgramFiles/CCS/ccs/tools/compiler/ti-cgt-c2000_22.6.1.LTS/bin/cl2000" -v28 -ml -mt --float_support=fpu32 --include_path="D:/ProgramFiles/CCS/ccs/tools/compiler/ti-cgt-c2000_22.6.1.LTS/include" --include_path="C:/Users/30495/Desktop/CCSPro/example0/Driver/include" -g --diag_warning=225 --diag_wrap=off --display_error_number --abi=coffabi --preproc_with_compile --preproc_dependency="User/app/main.d_raw" --obj_directory="User/app"  "../User/app/main.c"
 
>> Compilation failure
User/app/subdir_rules.mk:9: recipe for target 'User/app/main.obj' failed
"../User/app/main.c", line 2: error #20: identifier "reture" is undefined
"../User/app/main.c", line 2: error #66: expected a ";"
2 errors detected in the compilation of "../User/app/main.c".
gmake: *** [User/app/main.obj] Error 1
Building file: "../Driver/source/DSP2833x_ADC_cal.asm"
姝ｅ湪璋冪敤锛?C2000 Compiler
"D:/ProgramFiles/CCS/ccs/tools/compiler/ti-cgt-c2000_22.6.1.LTS/bin/cl2000" -v28 -ml -mt --float_support=fpu32 --include_path="D:/ProgramFiles/CCS/ccs/tools/compiler/ti-cgt-c2000_22.6.1.LTS/include" --include_path="C:/Users/30495/Desktop/CCSPro/example0/Driver/include" -g --diag_warning=225 --diag_wrap=off --display_error_number --abi=coffabi --preproc_with_compile --preproc_dependency="Driver/source/DSP2833x_ADC_cal.d_raw" --obj_directory="Driver/source"  "../Driver/source/DSP2833x_ADC_cal.asm"
Finished building: "../Driver/source/DSP2833x_ADC_cal.asm"
 
Building file: "../Driver/source/DSP2833x_usDelay.asm"
姝ｅ湪璋冪敤锛?C2000 Compiler
"D:/ProgramFiles/CCS/ccs/tools/compiler/ti-cgt-c2000_22.6.1.LTS/bin/cl2000" -v28 -ml -mt --float_support=fpu32 --include_path="D:/ProgramFiles/CCS/ccs/tools/compiler/ti-cgt-c2000_22.6.1.LTS/include" --include_path="C:/Users/30495/Desktop/CCSPro/example0/Driver/include" -g --diag_warning=225 --diag_wrap=off --display_error_number --abi=coffabi --preproc_with_compile --preproc_dependency="Driver/source/DSP2833x_usDelay.d_raw" --obj_directory="Driver/source"  "../Driver/source/DSP2833x_usDelay.asm"
Finished building: "../Driver/source/DSP2833x_usDelay.asm"
 
Building file: "../Driver/source/DSP2833x_SysCtrl.c"
姝ｅ湪璋冪敤锛?C2000 Compiler
"D:/ProgramFiles/CCS/ccs/tools/compiler/ti-cgt-c2000_22.6.1.LTS/bin/cl2000" -v28 -ml -mt --float_support=fpu32 --include_path="D:/ProgramFiles/CCS/ccs/tools/compiler/ti-cgt-c2000_22.6.1.LTS/include" --include_path="C:/Users/30495/Desktop/CCSPro/example0/Driver/include" -g --diag_warning=225 --diag_wrap=off --display_error_number --abi=coffabi --preproc_with_compile --preproc_dependency="Driver/source/DSP2833x_SysCtrl.d_raw" --obj_directory="Driver/source"  "../Driver/source/DSP2833x_SysCtrl.c"
Finished building: "../Driver/source/DSP2833x_SysCtrl.c"
 
Building file: "../Driver/source/DSP2833x_GlobalVariableDefs.c"
姝ｅ湪璋冪敤锛?C2000 Compiler
"D:/ProgramFiles/CCS/ccs/tools/compiler/ti-cgt-c2000_22.6.1.LTS/bin/cl2000" -v28 -ml -mt --float_support=fpu32 --include_path="D:/ProgramFiles/CCS/ccs/tools/compiler/ti-cgt-c2000_22.6.1.LTS/include" --include_path="C:/Users/30495/Desktop/CCSPro/example0/Driver/include" -g --diag_warning=225 --diag_wrap=off --display_error_number --abi=coffabi --preproc_with_compile --preproc_dependency="Driver/source/DSP2833x_GlobalVariableDefs.d_raw" --obj_directory="Driver/source"  "../Driver/source/DSP2833x_GlobalVariableDefs.c"
Finished building: "../Driver/source/DSP2833x_GlobalVariableDefs.c"
 
gmake: Target 'all' not remade because of errors.

**** 构建完成 ****

****项目 example0 配置 Debug 中的 构建****

"D:\\ProgramFiles\\CCS\\ccs\\utils\\bin\\gmake" -k -j 24 all -O 
 
Building file: "../User/app/main.c"
姝ｅ湪璋冪敤锛?C2000 Compiler
"D:/ProgramFiles/CCS/ccs/tools/compiler/ti-cgt-c2000_22.6.1.LTS/bin/cl2000" -v28 -ml -mt --float_support=fpu32 --include_path="D:/ProgramFiles/CCS/ccs/tools/compiler/ti-cgt-c2000_22.6.1.LTS/include" --include_path="C:/Users/30495/Desktop/CCSPro/example0/Driver/include" -g --diag_warning=225 --diag_wrap=off --display_error_number --abi=coffabi --preproc_with_compile --preproc_dependency="User/app/main.d_raw" --obj_directory="User/app"  "../User/app/main.c"
Finished building: "../User/app/main.c"
 
Building target: "example0.out"
姝ｅ湪璋冪敤锛?C2000 Linker
"D:/ProgramFiles/CCS/ccs/tools/compiler/ti-cgt-c2000_22.6.1.LTS/bin/cl2000" -v28 -ml -mt --float_support=fpu32 -g --diag_warning=225 --diag_wrap=off --display_error_number --abi=coffabi -z -m"example0.map" --stack_size=0x300 --warn_sections -i"D:/ProgramFiles/CCS/ccs/tools/compiler/ti-cgt-c2000_22.6.1.LTS/lib" -i"D:/ProgramFiles/CCS/ccs/tools/compiler/ti-cgt-c2000_22.6.1.LTS/include" --reread_libs --diag_wrap=off --display_error_number --xml_link_info="example0_linkInfo.xml" --rom_model -o "example0.out" "./Driver/source/DSP2833x_ADC_cal.obj" "./Driver/source/DSP2833x_GlobalVariableDefs.obj" "./Driver/source/DSP2833x_SysCtrl.obj" "./Driver/source/DSP2833x_usDelay.obj" "./User/app/main.obj" "../28335_RAM_lnk.cmd" "../DSP2833x_Headers_nonBIOS.cmd"  -llibc.a 
<Linking>
Finished building target: "example0.out"
 

**** 构建完成 ****

****项目 example0 配置 Debug 中的 构建****

"D:\\ProgramFiles\\CCS\\ccs\\utils\\bin\\gmake" -k -j 24 all -O 
 
gmake[1]: 'example0.out' is up to date.

**** 构建完成 ****

****项目 example0 配置 Debug 中的 构建****

"D:\\ProgramFiles\\CCS\\ccs\\utils\\bin\\gmake" -k -j 24 all -O 
 
gmake[1]: 'example0.out' is up to date.

**** 构建完成 ****

****项目 example0 配置 Debug 中的 仅清理的构建****

"D:\\ProgramFiles\\CCS\\ccs\\utils\\bin\\gmake" -k -j 24 clean -O 
 
DEL /F  "example0.out" 
DEL /F "Driver\source\DSP2833x_ADC_cal.obj" "Driver\source\DSP2833x_GlobalVariableDefs.obj" "Driver\source\DSP2833x_SysCtrl.obj" "Driver\source\DSP2833x_usDelay.obj" "User\app\main.obj" 
DEL /F "Driver\source\DSP2833x_GlobalVariableDefs.d" "Driver\source\DSP2833x_SysCtrl.d" "User\app\main.d" 
DEL /F "Driver\source\DSP2833x_ADC_cal.d" "Driver\source\DSP2833x_usDelay.d" 
找不到 C:\Users\30495\Desktop\CCSPro\example0\Debug\Driver\source\DSP2833x_ADC_cal.d
Finished clean
 

**** 构建完成 ****

****项目 example0 配置 Debug 中的 构建****

"D:\\ProgramFiles\\CCS\\ccs\\utils\\bin\\gmake" -k -j 24 all -O 
 
Building file: "../Driver/source/DSP2833x_ADC_cal.asm"
姝ｅ湪璋冪敤锛?C2000 Compiler
"D:/ProgramFiles/CCS/ccs/tools/compiler/ti-cgt-c2000_22.6.1.LTS/bin/cl2000" -v28 -ml -mt --float_support=fpu32 --include_path="D:/ProgramFiles/CCS/ccs/tools/compiler/ti-cgt-c2000_22.6.1.LTS/include" --include_path="C:/Users/30495/Desktop/CCSPro/example0/Driver/include" -g --diag_warning=225 --diag_wrap=off --display_error_number --abi=coffabi --preproc_with_compile --preproc_dependency="Driver/source/DSP2833x_ADC_cal.d_raw" --obj_directory="Driver/source"  "../Driver/source/DSP2833x_ADC_cal.asm"
Finished building: "../Driver/source/DSP2833x_ADC_cal.asm"
 
Building file: "../Driver/source/DSP2833x_usDelay.asm"
姝ｅ湪璋冪敤锛?C2000 Compiler
"D:/ProgramFiles/CCS/ccs/tools/compiler/ti-cgt-c2000_22.6.1.LTS/bin/cl2000" -v28 -ml -mt --float_support=fpu32 --include_path="D:/ProgramFiles/CCS/ccs/tools/compiler/ti-cgt-c2000_22.6.1.LTS/include" --include_path="C:/Users/30495/Desktop/CCSPro/example0/Driver/include" -g --diag_warning=225 --diag_wrap=off --display_error_number --abi=coffabi --preproc_with_compile --preproc_dependency="Driver/source/DSP2833x_usDelay.d_raw" --obj_directory="Driver/source"  "../Driver/source/DSP2833x_usDelay.asm"
Finished building: "../Driver/source/DSP2833x_usDelay.asm"
 
Building file: "../User/app/main.c"
姝ｅ湪璋冪敤锛?C2000 Compiler
"D:/ProgramFiles/CCS/ccs/tools/compiler/ti-cgt-c2000_22.6.1.LTS/bin/cl2000" -v28 -ml -mt --float_support=fpu32 --include_path="D:/ProgramFiles/CCS/ccs/tools/compiler/ti-cgt-c2000_22.6.1.LTS/include" --include_path="C:/Users/30495/Desktop/CCSPro/example0/Driver/include" -g --diag_warning=225 --diag_wrap=off --display_error_number --abi=coffabi --preproc_with_compile --preproc_dependency="User/app/main.d_raw" --obj_directory="User/app"  "../User/app/main.c"
Finished building: "../User/app/main.c"
 
Building file: "../Driver/source/DSP2833x_SysCtrl.c"
姝ｅ湪璋冪敤锛?C2000 Compiler
"D:/ProgramFiles/CCS/ccs/tools/compiler/ti-cgt-c2000_22.6.1.LTS/bin/cl2000" -v28 -ml -mt --float_support=fpu32 --include_path="D:/ProgramFiles/CCS/ccs/tools/compiler/ti-cgt-c2000_22.6.1.LTS/include" --include_path="C:/Users/30495/Desktop/CCSPro/example0/Driver/include" -g --diag_warning=225 --diag_wrap=off --display_error_number --abi=coffabi --preproc_with_compile --preproc_dependency="Driver/source/DSP2833x_SysCtrl.d_raw" --obj_directory="Driver/source"  "../Driver/source/DSP2833x_SysCtrl.c"
Finished building: "../Driver/source/DSP2833x_SysCtrl.c"
 
Building file: "../Driver/source/DSP2833x_GlobalVariableDefs.c"
姝ｅ湪璋冪敤锛?C2000 Compiler
"D:/ProgramFiles/CCS/ccs/tools/compiler/ti-cgt-c2000_22.6.1.LTS/bin/cl2000" -v28 -ml -mt --float_support=fpu32 --include_path="D:/ProgramFiles/CCS/ccs/tools/compiler/ti-cgt-c2000_22.6.1.LTS/include" --include_path="C:/Users/30495/Desktop/CCSPro/example0/Driver/include" -g --diag_warning=225 --diag_wrap=off --display_error_number --abi=coffabi --preproc_with_compile --preproc_dependency="Driver/source/DSP2833x_GlobalVariableDefs.d_raw" --obj_directory="Driver/source"  "../Driver/source/DSP2833x_GlobalVariableDefs.c"
Finished building: "../Driver/source/DSP2833x_GlobalVariableDefs.c"
 
Building target: "example0.out"
姝ｅ湪璋冪敤锛?C2000 Linker
"D:/ProgramFiles/CCS/ccs/tools/compiler/ti-cgt-c2000_22.6.1.LTS/bin/cl2000" -v28 -ml -mt --float_support=fpu32 -g --diag_warning=225 --diag_wrap=off --display_error_number --abi=coffabi -z -m"example0.map" --stack_size=0x300 --warn_sections -i"D:/ProgramFiles/CCS/ccs/tools/compiler/ti-cgt-c2000_22.6.1.LTS/lib" -i"D:/ProgramFiles/CCS/ccs/tools/compiler/ti-cgt-c2000_22.6.1.LTS/include" --reread_libs --diag_wrap=off --display_error_number --xml_link_info="example0_linkInfo.xml" --rom_model -o "example0.out" "./Driver/source/DSP2833x_ADC_cal.obj" "./Driver/source/DSP2833x_GlobalVariableDefs.obj" "./Driver/source/DSP2833x_SysCtrl.obj" "./Driver/source/DSP2833x_usDelay.obj" "./User/app/main.obj" "../28335_RAM_lnk.cmd" "../DSP2833x_Headers_nonBIOS.cmd"  -llibc.a 
<Linking>
Finished building target: "example0.out"
 

**** 构建完成 ****

****项目 example0 配置 Debug 中的 构建****

"D:\\ProgramFiles\\CCS\\ccs\\utils\\bin\\gmake" -k -j 24 all -O 
 
Building file: "../User/main.c"
姝ｅ湪璋冪敤锛?C2000 Compiler
"D:/ProgramFiles/CCS/ccs/tools/compiler/ti-cgt-c2000_22.6.1.LTS/bin/cl2000" -v28 -ml -mt --float_support=fpu32 --include_path="D:/ProgramFiles/CCS/ccs/tools/compiler/ti-cgt-c2000_22.6.1.LTS/include" --include_path="C:/Users/30495/Desktop/CCSPro/example0/Driver/include" -g --diag_warning=225 --diag_wrap=off --display_error_number --abi=coffabi --preproc_with_compile --preproc_dependency="User/main.d_raw" --obj_directory="User"  "../User/main.c"
 
>> Compilation failure
User/subdir_rules.mk:9: recipe for target 'User/main.obj' failed
"../User/main.c", line 1: fatal error #1965: cannot open source file "DSP_2833x_Device.h"
1 catastrophic error detected in the compilation of "../User/main.c".
Compilation terminated.
gmake: *** [User/main.obj] Error 1
gmake: Target 'all' not remade because of errors.

**** 构建完成 ****

****项目 example0 配置 Debug 中的 构建****

"D:\\ProgramFiles\\CCS\\ccs\\utils\\bin\\gmake" -k -j 24 all -O 
 
Building file: "../User/main.c"
姝ｅ湪璋冪敤锛?C2000 Compiler
"D:/ProgramFiles/CCS/ccs/tools/compiler/ti-cgt-c2000_22.6.1.LTS/bin/cl2000" -v28 -ml -mt --float_support=fpu32 --include_path="D:/ProgramFiles/CCS/ccs/tools/compiler/ti-cgt-c2000_22.6.1.LTS/include" --include_path="C:/Users/30495/Desktop/CCSPro/example0/Driver/include" -g --diag_warning=225 --diag_wrap=off --display_error_number --abi=coffabi --preproc_with_compile --preproc_dependency="User/main.d_raw" --obj_directory="User"  "../User/main.c"
Finished building: "../User/main.c"
 
Building target: "example0.out"
姝ｅ湪璋冪敤锛?C2000 Linker
"D:/ProgramFiles/CCS/ccs/tools/compiler/ti-cgt-c2000_22.6.1.LTS/bin/cl2000" -v28 -ml -mt --float_support=fpu32 -g --diag_warning=225 --diag_wrap=off --display_error_number --abi=coffabi -z -m"example0.map" --stack_size=0x300 --warn_sections -i"D:/ProgramFiles/CCS/ccs/tools/compiler/ti-cgt-c2000_22.6.1.LTS/lib" -i"D:/ProgramFiles/CCS/ccs/tools/compiler/ti-cgt-c2000_22.6.1.LTS/include" --reread_libs --diag_wrap=off --display_error_number --xml_link_info="example0_linkInfo.xml" --rom_model -o "example0.out" "./Driver/source/DSP2833x_ADC_cal.obj" "./Driver/source/DSP2833x_GlobalVariableDefs.obj" "./Driver/source/DSP2833x_SysCtrl.obj" "./Driver/source/DSP2833x_usDelay.obj" "./User/main.obj" "../28335_RAM_lnk.cmd" "../DSP2833x_Headers_nonBIOS.cmd"  -llibc.a 
<Linking>
Finished building target: "example0.out"
 

**** 构建完成 ****

****项目 example0 配置 Debug 中的 构建****

"D:\\ProgramFiles\\CCS\\ccs\\utils\\bin\\gmake" -k -j 24 all -O 
 
Building file: "../Driver/source/DSP2833x_ADC_cal.asm"
姝ｅ湪璋冪敤锛?C2000 Compiler
"D:/ProgramFiles/CCS/ccs/tools/compiler/ti-cgt-c2000_22.6.1.LTS/bin/cl2000" -v28 -ml -mt --float_support=fpu32 --include_path="D:/ProgramFiles/CCS/ccs/tools/compiler/ti-cgt-c2000_22.6.1.LTS/include" --include_path="C:/Users/30495/Desktop/CCSPro/example0/Driver/include" -g --diag_warning=225 --diag_wrap=off --display_error_number --abi=coffabi --preproc_with_compile --preproc_dependency="Driver/source/DSP2833x_ADC_cal.d_raw" --obj_directory="Driver/source"  "../Driver/source/DSP2833x_ADC_cal.asm"
Finished building: "../Driver/source/DSP2833x_ADC_cal.asm"
 
Building file: "../Driver/source/DSP2833x_usDelay.asm"
姝ｅ湪璋冪敤锛?C2000 Compiler
"D:/ProgramFiles/CCS/ccs/tools/compiler/ti-cgt-c2000_22.6.1.LTS/bin/cl2000" -v28 -ml -mt --float_support=fpu32 --include_path="D:/ProgramFiles/CCS/ccs/tools/compiler/ti-cgt-c2000_22.6.1.LTS/include" --include_path="C:/Users/30495/Desktop/CCSPro/example0/Driver/include" -g --diag_warning=225 --diag_wrap=off --display_error_number --abi=coffabi --preproc_with_compile --preproc_dependency="Driver/source/DSP2833x_usDelay.d_raw" --obj_directory="Driver/source"  "../Driver/source/DSP2833x_usDelay.asm"
Finished building: "../Driver/source/DSP2833x_usDelay.asm"
 
Building file: "../User/main.c"
姝ｅ湪璋冪敤锛?C2000 Compiler
"D:/ProgramFiles/CCS/ccs/tools/compiler/ti-cgt-c2000_22.6.1.LTS/bin/cl2000" -v28 -ml -mt --float_support=fpu32 --include_path="D:/ProgramFiles/CCS/ccs/tools/compiler/ti-cgt-c2000_22.6.1.LTS/include" --include_path="C:/Users/30495/Desktop/CCSPro/example0/Driver/include" -g --diag_warning=225 --diag_wrap=off --display_error_number --abi=coffabi --preproc_with_compile --preproc_dependency="User/main.d_raw" --obj_directory="User"  "../User/main.c"
Finished building: "../User/main.c"
 
Building file: "../Driver/source/DSP2833x_SysCtrl.c"
姝ｅ湪璋冪敤锛?C2000 Compiler
"D:/ProgramFiles/CCS/ccs/tools/compiler/ti-cgt-c2000_22.6.1.LTS/bin/cl2000" -v28 -ml -mt --float_support=fpu32 --include_path="D:/ProgramFiles/CCS/ccs/tools/compiler/ti-cgt-c2000_22.6.1.LTS/include" --include_path="C:/Users/30495/Desktop/CCSPro/example0/Driver/include" -g --diag_warning=225 --diag_wrap=off --display_error_number --abi=coffabi --preproc_with_compile --preproc_dependency="Driver/source/DSP2833x_SysCtrl.d_raw" --obj_directory="Driver/source"  "../Driver/source/DSP2833x_SysCtrl.c"
Finished building: "../Driver/source/DSP2833x_SysCtrl.c"
 
Building file: "../Driver/source/DSP2833x_GlobalVariableDefs.c"
姝ｅ湪璋冪敤锛?C2000 Compiler
"D:/ProgramFiles/CCS/ccs/tools/compiler/ti-cgt-c2000_22.6.1.LTS/bin/cl2000" -v28 -ml -mt --float_support=fpu32 --include_path="D:/ProgramFiles/CCS/ccs/tools/compiler/ti-cgt-c2000_22.6.1.LTS/include" --include_path="C:/Users/30495/Desktop/CCSPro/example0/Driver/include" -g --diag_warning=225 --diag_wrap=off --display_error_number --abi=coffabi --preproc_with_compile --preproc_dependency="Driver/source/DSP2833x_GlobalVariableDefs.d_raw" --obj_directory="Driver/source"  "../Driver/source/DSP2833x_GlobalVariableDefs.c"
Finished building: "../Driver/source/DSP2833x_GlobalVariableDefs.c"
 
Building target: "example0.out"
姝ｅ湪璋冪敤锛?C2000 Linker
"D:/ProgramFiles/CCS/ccs/tools/compiler/ti-cgt-c2000_22.6.1.LTS/bin/cl2000" -v28 -ml -mt --float_support=fpu32 -g --diag_warning=225 --diag_wrap=off --display_error_number --abi=coffabi -z -m"example0.map" --stack_size=0x300 --warn_sections -i"D:/ProgramFiles/CCS/ccs/tools/compiler/ti-cgt-c2000_22.6.1.LTS/lib" -i"D:/ProgramFiles/CCS/ccs/tools/compiler/ti-cgt-c2000_22.6.1.LTS/include" --reread_libs --diag_wrap=off --display_error_number --xml_link_info="example0_linkInfo.xml" --rom_model -o "example0.out" "./Driver/source/DSP2833x_ADC_cal.obj" "./Driver/source/DSP2833x_GlobalVariableDefs.obj" "./Driver/source/DSP2833x_SysCtrl.obj" "./Driver/source/DSP2833x_usDelay.obj" "./User/main.obj" "../28335_RAM_lnk.cmd" "../DSP2833x_Headers_nonBIOS.cmd"  -llibc.a 
<Linking>
Finished building target: "example0.out"
 

**** 构建完成 ****

****项目 example0 配置 Debug 中的 构建****

"D:\\ProgramFiles\\CCS\\ccs\\utils\\bin\\gmake" -k -j 24 all -O 
 
gmake[1]: 'example0.out' is up to date.

**** ??????? ****

****项目 example0 配置 Debug 中的 构建****

"D:\\ProgramFiles\\CCS\\ccs\\utils\\bin\\gmake" -k -j 24 all -O 
 
gmake[1]: 'example0.out' is up to date.

**** ??????? ****

****项目 example0 配置 Debug 中的 构建****

"D:\\ProgramFiles\\CCS\\ccs\\utils\\bin\\gmake" -k -j 24 all -O 
 
gmake[1]: 'example0.out' is up to date.

**** ??????? ****

****项目 example0 配置 Debug 中的 仅清理的构建****

"D:\\ProgramFiles\\CCS\\ccs\\utils\\bin\\gmake" -k -j 24 clean -O 
 
DEL /F  "example0.out" 
DEL /F "Driver\source\DSP2833x_ADC_cal.obj" "Driver\source\DSP2833x_GlobalVariableDefs.obj" "Driver\source\DSP2833x_SysCtrl.obj" "Driver\source\DSP2833x_usDelay.obj" "User\main.obj" 
DEL /F "Driver\source\DSP2833x_GlobalVariableDefs.d" "Driver\source\DSP2833x_SysCtrl.d" "User\main.d" 
DEL /F "Driver\source\DSP2833x_ADC_cal.d" "Driver\source\DSP2833x_usDelay.d" 
????? C:\Users\30495\Desktop\CCSPro\example0\Debug\Driver\source\DSP2833x_ADC_cal.d
Finished clean
 

**** ??????? ****

****项目 example0 配置 Debug 中的 构建****

"D:\\ProgramFiles\\CCS\\ccs\\utils\\bin\\gmake" -k -j 24 all -O 
 
Building file: "../Driver/source/DSP2833x_ADC_cal.asm"
正在调用??C2000 Compiler
"D:/ProgramFiles/CCS/ccs/tools/compiler/ti-cgt-c2000_22.6.1.LTS/bin/cl2000" -v28 -ml -mt --float_support=fpu32 --include_path="D:/ProgramFiles/CCS/ccs/tools/compiler/ti-cgt-c2000_22.6.1.LTS/include" --include_path="C:/Users/30495/Desktop/CCSPro/example0/Driver/include" -g --diag_warning=225 --diag_wrap=off --display_error_number --abi=coffabi --preproc_with_compile --preproc_dependency="Driver/source/DSP2833x_ADC_cal.d_raw" --obj_directory="Driver/source"  "../Driver/source/DSP2833x_ADC_cal.asm"
Finished building: "../Driver/source/DSP2833x_ADC_cal.asm"
 
Building file: "../Driver/source/DSP2833x_usDelay.asm"
正在调用??C2000 Compiler
"D:/ProgramFiles/CCS/ccs/tools/compiler/ti-cgt-c2000_22.6.1.LTS/bin/cl2000" -v28 -ml -mt --float_support=fpu32 --include_path="D:/ProgramFiles/CCS/ccs/tools/compiler/ti-cgt-c2000_22.6.1.LTS/include" --include_path="C:/Users/30495/Desktop/CCSPro/example0/Driver/include" -g --diag_warning=225 --diag_wrap=off --display_error_number --abi=coffabi --preproc_with_compile --preproc_dependency="Driver/source/DSP2833x_usDelay.d_raw" --obj_directory="Driver/source"  "../Driver/source/DSP2833x_usDelay.asm"
Finished building: "../Driver/source/DSP2833x_usDelay.asm"
 
Building file: "../User/main.c"
正在调用??C2000 Compiler
"D:/ProgramFiles/CCS/ccs/tools/compiler/ti-cgt-c2000_22.6.1.LTS/bin/cl2000" -v28 -ml -mt --float_support=fpu32 --include_path="D:/ProgramFiles/CCS/ccs/tools/compiler/ti-cgt-c2000_22.6.1.LTS/include" --include_path="C:/Users/30495/Desktop/CCSPro/example0/Driver/include" -g --diag_warning=225 --diag_wrap=off --display_error_number --abi=coffabi --preproc_with_compile --preproc_dependency="User/main.d_raw" --obj_directory="User"  "../User/main.c"
Finished building: "../User/main.c"
 
Building file: "../Driver/source/DSP2833x_SysCtrl.c"
正在调用??C2000 Compiler
"D:/ProgramFiles/CCS/ccs/tools/compiler/ti-cgt-c2000_22.6.1.LTS/bin/cl2000" -v28 -ml -mt --float_support=fpu32 --include_path="D:/ProgramFiles/CCS/ccs/tools/compiler/ti-cgt-c2000_22.6.1.LTS/include" --include_path="C:/Users/30495/Desktop/CCSPro/example0/Driver/include" -g --diag_warning=225 --diag_wrap=off --display_error_number --abi=coffabi --preproc_with_compile --preproc_dependency="Driver/source/DSP2833x_SysCtrl.d_raw" --obj_directory="Driver/source"  "../Driver/source/DSP2833x_SysCtrl.c"
Finished building: "../Driver/source/DSP2833x_SysCtrl.c"
 
Building file: "../Driver/source/DSP2833x_GlobalVariableDefs.c"
正在调用??C2000 Compiler
"D:/ProgramFiles/CCS/ccs/tools/compiler/ti-cgt-c2000_22.6.1.LTS/bin/cl2000" -v28 -ml -mt --float_support=fpu32 --include_path="D:/ProgramFiles/CCS/ccs/tools/compiler/ti-cgt-c2000_22.6.1.LTS/include" --include_path="C:/Users/30495/Desktop/CCSPro/example0/Driver/include" -g --diag_warning=225 --diag_wrap=off --display_error_number --abi=coffabi --preproc_with_compile --preproc_dependency="Driver/source/DSP2833x_GlobalVariableDefs.d_raw" --obj_directory="Driver/source"  "../Driver/source/DSP2833x_GlobalVariableDefs.c"
Finished building: "../Driver/source/DSP2833x_GlobalVariableDefs.c"
 
Building target: "example0.out"
正在调用??C2000 Linker
"D:/ProgramFiles/CCS/ccs/tools/compiler/ti-cgt-c2000_22.6.1.LTS/bin/cl2000" -v28 -ml -mt --float_support=fpu32 -g --diag_warning=225 --diag_wrap=off --display_error_number --abi=coffabi -z -m"example0.map" --stack_size=0x300 --warn_sections -i"D:/ProgramFiles/CCS/ccs/tools/compiler/ti-cgt-c2000_22.6.1.LTS/lib" -i"D:/ProgramFiles/CCS/ccs/tools/compiler/ti-cgt-c2000_22.6.1.LTS/include" --reread_libs --diag_wrap=off --display_error_number --xml_link_info="example0_linkInfo.xml" --rom_model -o "example0.out" "./Driver/source/DSP2833x_ADC_cal.obj" "./Driver/source/DSP2833x_GlobalVariableDefs.obj" "./Driver/source/DSP2833x_SysCtrl.obj" "./Driver/source/DSP2833x_usDelay.obj" "./User/main.obj" "../28335_RAM_lnk.cmd" "../DSP2833x_Headers_nonBIOS.cmd"  -llibc.a 
<Linking>
Finished building target: "example0.out"
 

**** ??????? ****

****项目 example0 配置 Debug 中的 构建****

"D:\\ProgramFiles\\CCS\\ccs\\utils\\bin\\gmake" -k -j 24 all -O 
 
gmake[1]: 'example0.out' is up to date.

**** 构建完成 ****

****项目 example0 配置 Debug 中的 仅清理的构建****

"D:\\ProgramFiles\\CCS\\ccs\\utils\\bin\\gmake" -k -j 24 clean -O 
 
DEL /F  "example0.out" 
DEL /F "Driver\source\DSP2833x_ADC_cal.obj" "Driver\source\DSP2833x_GlobalVariableDefs.obj" "Driver\source\DSP2833x_SysCtrl.obj" "Driver\source\DSP2833x_usDelay.obj" "User\main.obj" 
DEL /F "Driver\source\DSP2833x_GlobalVariableDefs.d" "Driver\source\DSP2833x_SysCtrl.d" "User\main.d" 
DEL /F "Driver\source\DSP2833x_ADC_cal.d" "Driver\source\DSP2833x_usDelay.d" 
找不到 C:\Users\30495\Desktop\CCSPro\example0\Debug\Driver\source\DSP2833x_ADC_cal.d
Finished clean
 

**** 构建完成 ****

****项目 example0 配置 Debug 中的 构建****

"D:\\ProgramFiles\\CCS\\ccs\\utils\\bin\\gmake" -k -j 24 all -O 
 
Building file: "../Driver/source/DSP2833x_ADC_cal.asm"
姝ｅ湪璋冪敤锛?C2000 Compiler
"D:/ProgramFiles/CCS/ccs/tools/compiler/ti-cgt-c2000_22.6.1.LTS/bin/cl2000" -v28 -ml -mt --float_support=fpu32 --include_path="D:/ProgramFiles/CCS/ccs/tools/compiler/ti-cgt-c2000_22.6.1.LTS/include" --include_path="C:/Users/30495/Desktop/CCSPro/example0/Driver/include" -g --diag_warning=225 --diag_wrap=off --display_error_number --abi=coffabi --preproc_with_compile --preproc_dependency="Driver/source/DSP2833x_ADC_cal.d_raw" --obj_directory="Driver/source"  "../Driver/source/DSP2833x_ADC_cal.asm"
Finished building: "../Driver/source/DSP2833x_ADC_cal.asm"
 
Building file: "../Driver/source/DSP2833x_usDelay.asm"
姝ｅ湪璋冪敤锛?C2000 Compiler
"D:/ProgramFiles/CCS/ccs/tools/compiler/ti-cgt-c2000_22.6.1.LTS/bin/cl2000" -v28 -ml -mt --float_support=fpu32 --include_path="D:/ProgramFiles/CCS/ccs/tools/compiler/ti-cgt-c2000_22.6.1.LTS/include" --include_path="C:/Users/30495/Desktop/CCSPro/example0/Driver/include" -g --diag_warning=225 --diag_wrap=off --display_error_number --abi=coffabi --preproc_with_compile --preproc_dependency="Driver/source/DSP2833x_usDelay.d_raw" --obj_directory="Driver/source"  "../Driver/source/DSP2833x_usDelay.asm"
Finished building: "../Driver/source/DSP2833x_usDelay.asm"
 
Building file: "../User/main.c"
姝ｅ湪璋冪敤锛?C2000 Compiler
"D:/ProgramFiles/CCS/ccs/tools/compiler/ti-cgt-c2000_22.6.1.LTS/bin/cl2000" -v28 -ml -mt --float_support=fpu32 --include_path="D:/ProgramFiles/CCS/ccs/tools/compiler/ti-cgt-c2000_22.6.1.LTS/include" --include_path="C:/Users/30495/Desktop/CCSPro/example0/Driver/include" -g --diag_warning=225 --diag_wrap=off --display_error_number --abi=coffabi --preproc_with_compile --preproc_dependency="User/main.d_raw" --obj_directory="User"  "../User/main.c"
Finished building: "../User/main.c"
 
Building file: "../Driver/source/DSP2833x_SysCtrl.c"
姝ｅ湪璋冪敤锛?C2000 Compiler
"D:/ProgramFiles/CCS/ccs/tools/compiler/ti-cgt-c2000_22.6.1.LTS/bin/cl2000" -v28 -ml -mt --float_support=fpu32 --include_path="D:/ProgramFiles/CCS/ccs/tools/compiler/ti-cgt-c2000_22.6.1.LTS/include" --include_path="C:/Users/30495/Desktop/CCSPro/example0/Driver/include" -g --diag_warning=225 --diag_wrap=off --display_error_number --abi=coffabi --preproc_with_compile --preproc_dependency="Driver/source/DSP2833x_SysCtrl.d_raw" --obj_directory="Driver/source"  "../Driver/source/DSP2833x_SysCtrl.c"
Finished building: "../Driver/source/DSP2833x_SysCtrl.c"
 
Building file: "../Driver/source/DSP2833x_GlobalVariableDefs.c"
姝ｅ湪璋冪敤锛?C2000 Compiler
"D:/ProgramFiles/CCS/ccs/tools/compiler/ti-cgt-c2000_22.6.1.LTS/bin/cl2000" -v28 -ml -mt --float_support=fpu32 --include_path="D:/ProgramFiles/CCS/ccs/tools/compiler/ti-cgt-c2000_22.6.1.LTS/include" --include_path="C:/Users/30495/Desktop/CCSPro/example0/Driver/include" -g --diag_warning=225 --diag_wrap=off --display_error_number --abi=coffabi --preproc_with_compile --preproc_dependency="Driver/source/DSP2833x_GlobalVariableDefs.d_raw" --obj_directory="Driver/source"  "../Driver/source/DSP2833x_GlobalVariableDefs.c"
Finished building: "../Driver/source/DSP2833x_GlobalVariableDefs.c"
 
Building target: "example0.out"
姝ｅ湪璋冪敤锛?C2000 Linker
"D:/ProgramFiles/CCS/ccs/tools/compiler/ti-cgt-c2000_22.6.1.LTS/bin/cl2000" -v28 -ml -mt --float_support=fpu32 -g --diag_warning=225 --diag_wrap=off --display_error_number --abi=coffabi -z -m"example0.map" --stack_size=0x300 --warn_sections -i"D:/ProgramFiles/CCS/ccs/tools/compiler/ti-cgt-c2000_22.6.1.LTS/lib" -i"D:/ProgramFiles/CCS/ccs/tools/compiler/ti-cgt-c2000_22.6.1.LTS/include" --reread_libs --diag_wrap=off --display_error_number --xml_link_info="example0_linkInfo.xml" --rom_model -o "example0.out" "./Driver/source/DSP2833x_ADC_cal.obj" "./Driver/source/DSP2833x_GlobalVariableDefs.obj" "./Driver/source/DSP2833x_SysCtrl.obj" "./Driver/source/DSP2833x_usDelay.obj" "./User/main.obj" "../28335_RAM_lnk.cmd" "../DSP2833x_Headers_nonBIOS.cmd"  -llibc.a 
<Linking>
Finished building target: "example0.out"
 

**** 构建完成 ****

****项目 example0 配置 Debug 中的 仅清理的构建****

"D:\\ProgramFiles\\CCS\\ccs\\utils\\bin\\gmake" -k -j 24 clean -O 
 
DEL /F  "example0.out" 
DEL /F "Driver\source\DSP2833x_ADC_cal.obj" "Driver\source\DSP2833x_GlobalVariableDefs.obj" "Driver\source\DSP2833x_SysCtrl.obj" "Driver\source\DSP2833x_usDelay.obj" "User\main.obj" 
DEL /F "Driver\source\DSP2833x_GlobalVariableDefs.d" "Driver\source\DSP2833x_SysCtrl.d" "User\main.d" 
DEL /F "Driver\source\DSP2833x_ADC_cal.d" "Driver\source\DSP2833x_usDelay.d" 
????? C:\Users\30495\Desktop\CCSPro\example0\Debug\Driver\source\DSP2833x_ADC_cal.d
Finished clean
 

**** ??????? ****

****项目 example0 配置 Debug 中的 构建****

"D:\\ProgramFiles\\CCS\\ccs\\utils\\bin\\gmake" -k -j 24 all -O 
 
Building file: "../Driver/source/DSP2833x_ADC_cal.asm"
正在调用??C2000 Compiler
"D:/ProgramFiles/CCS/ccs/tools/compiler/ti-cgt-c2000_22.6.1.LTS/bin/cl2000" -v28 -ml -mt --float_support=fpu32 --include_path="D:/ProgramFiles/CCS/ccs/tools/compiler/ti-cgt-c2000_22.6.1.LTS/include" --include_path="C:/Users/30495/Desktop/CCSPro/example0/Driver/include" -g --diag_warning=225 --diag_wrap=off --display_error_number --abi=coffabi --preproc_with_compile --preproc_dependency="Driver/source/DSP2833x_ADC_cal.d_raw" --obj_directory="Driver/source"  "../Driver/source/DSP2833x_ADC_cal.asm"
Finished building: "../Driver/source/DSP2833x_ADC_cal.asm"
 
Building file: "../Driver/source/DSP2833x_usDelay.asm"
正在调用??C2000 Compiler
"D:/ProgramFiles/CCS/ccs/tools/compiler/ti-cgt-c2000_22.6.1.LTS/bin/cl2000" -v28 -ml -mt --float_support=fpu32 --include_path="D:/ProgramFiles/CCS/ccs/tools/compiler/ti-cgt-c2000_22.6.1.LTS/include" --include_path="C:/Users/30495/Desktop/CCSPro/example0/Driver/include" -g --diag_warning=225 --diag_wrap=off --display_error_number --abi=coffabi --preproc_with_compile --preproc_dependency="Driver/source/DSP2833x_usDelay.d_raw" --obj_directory="Driver/source"  "../Driver/source/DSP2833x_usDelay.asm"
Finished building: "../Driver/source/DSP2833x_usDelay.asm"
 
Building file: "../User/main.c"
正在调用??C2000 Compiler
"D:/ProgramFiles/CCS/ccs/tools/compiler/ti-cgt-c2000_22.6.1.LTS/bin/cl2000" -v28 -ml -mt --float_support=fpu32 --include_path="D:/ProgramFiles/CCS/ccs/tools/compiler/ti-cgt-c2000_22.6.1.LTS/include" --include_path="C:/Users/30495/Desktop/CCSPro/example0/Driver/include" -g --diag_warning=225 --diag_wrap=off --display_error_number --abi=coffabi --preproc_with_compile --preproc_dependency="User/main.d_raw" --obj_directory="User"  "../User/main.c"
Finished building: "../User/main.c"
 
Building file: "../Driver/source/DSP2833x_SysCtrl.c"
正在调用??C2000 Compiler
"D:/ProgramFiles/CCS/ccs/tools/compiler/ti-cgt-c2000_22.6.1.LTS/bin/cl2000" -v28 -ml -mt --float_support=fpu32 --include_path="D:/ProgramFiles/CCS/ccs/tools/compiler/ti-cgt-c2000_22.6.1.LTS/include" --include_path="C:/Users/30495/Desktop/CCSPro/example0/Driver/include" -g --diag_warning=225 --diag_wrap=off --display_error_number --abi=coffabi --preproc_with_compile --preproc_dependency="Driver/source/DSP2833x_SysCtrl.d_raw" --obj_directory="Driver/source"  "../Driver/source/DSP2833x_SysCtrl.c"
Finished building: "../Driver/source/DSP2833x_SysCtrl.c"
 
Building file: "../Driver/source/DSP2833x_GlobalVariableDefs.c"
正在调用??C2000 Compiler
"D:/ProgramFiles/CCS/ccs/tools/compiler/ti-cgt-c2000_22.6.1.LTS/bin/cl2000" -v28 -ml -mt --float_support=fpu32 --include_path="D:/ProgramFiles/CCS/ccs/tools/compiler/ti-cgt-c2000_22.6.1.LTS/include" --include_path="C:/Users/30495/Desktop/CCSPro/example0/Driver/include" -g --diag_warning=225 --diag_wrap=off --display_error_number --abi=coffabi --preproc_with_compile --preproc_dependency="Driver/source/DSP2833x_GlobalVariableDefs.d_raw" --obj_directory="Driver/source"  "../Driver/source/DSP2833x_GlobalVariableDefs.c"
Finished building: "../Driver/source/DSP2833x_GlobalVariableDefs.c"
 
Building target: "example0.out"
正在调用??C2000 Linker
"D:/ProgramFiles/CCS/ccs/tools/compiler/ti-cgt-c2000_22.6.1.LTS/bin/cl2000" -v28 -ml -mt --float_support=fpu32 -g --diag_warning=225 --diag_wrap=off --display_error_number --abi=coffabi -z -m"example0.map" --stack_size=0x300 --warn_sections -i"D:/ProgramFiles/CCS/ccs/tools/compiler/ti-cgt-c2000_22.6.1.LTS/lib" -i"D:/ProgramFiles/CCS/ccs/tools/compiler/ti-cgt-c2000_22.6.1.LTS/include" --reread_libs --diag_wrap=off --display_error_number --xml_link_info="example0_linkInfo.xml" --rom_model -o "example0.out" "./Driver/source/DSP2833x_ADC_cal.obj" "./Driver/source/DSP2833x_GlobalVariableDefs.obj" "./Driver/source/DSP2833x_SysCtrl.obj" "./Driver/source/DSP2833x_usDelay.obj" "./User/main.obj" "../28335_RAM_lnk.cmd" "../DSP2833x_Headers_nonBIOS.cmd"  -llibc.a 
<Linking>
Finished building target: "example0.out"
 

**** ??????? ****

****项目 example0 配置 Debug 中的 构建****

"D:\\ProgramFiles\\CCS\\ccs\\utils\\bin\\gmake" -k -j 24 all -O 
 
Building file: "../User/main.c"
正在调用??C2000 Compiler
"D:/ProgramFiles/CCS/ccs/tools/compiler/ti-cgt-c2000_22.6.1.LTS/bin/cl2000" -v28 -ml -mt --float_support=fpu32 --include_path="D:/ProgramFiles/CCS/ccs/tools/compiler/ti-cgt-c2000_22.6.1.LTS/include" --include_path="C:/Users/30495/Desktop/CCSPro/example0/Driver/include" -g --diag_warning=225 --diag_wrap=off --display_error_number --abi=coffabi --preproc_with_compile --preproc_dependency="User/main.d_raw" --obj_directory="User"  "../User/main.c"
Finished building: "../User/main.c"
 
Building file: "../Driver/source/DSP2833x_SysCtrl.c"
正在调用??C2000 Compiler
"D:/ProgramFiles/CCS/ccs/tools/compiler/ti-cgt-c2000_22.6.1.LTS/bin/cl2000" -v28 -ml -mt --float_support=fpu32 --include_path="D:/ProgramFiles/CCS/ccs/tools/compiler/ti-cgt-c2000_22.6.1.LTS/include" --include_path="C:/Users/30495/Desktop/CCSPro/example0/Driver/include" -g --diag_warning=225 --diag_wrap=off --display_error_number --abi=coffabi --preproc_with_compile --preproc_dependency="Driver/source/DSP2833x_SysCtrl.d_raw" --obj_directory="Driver/source"  "../Driver/source/DSP2833x_SysCtrl.c"
Finished building: "../Driver/source/DSP2833x_SysCtrl.c"
 
Building target: "example0.out"
正在调用??C2000 Linker
"D:/ProgramFiles/CCS/ccs/tools/compiler/ti-cgt-c2000_22.6.1.LTS/bin/cl2000" -v28 -ml -mt --float_support=fpu32 -g --diag_warning=225 --diag_wrap=off --display_error_number --abi=coffabi -z -m"example0.map" --stack_size=0x300 --warn_sections -i"D:/ProgramFiles/CCS/ccs/tools/compiler/ti-cgt-c2000_22.6.1.LTS/lib" -i"D:/ProgramFiles/CCS/ccs/tools/compiler/ti-cgt-c2000_22.6.1.LTS/include" --reread_libs --diag_wrap=off --display_error_number --xml_link_info="example0_linkInfo.xml" --rom_model -o "example0.out" "./Driver/source/DSP2833x_ADC_cal.obj" "./Driver/source/DSP2833x_GlobalVariableDefs.obj" "./Driver/source/DSP2833x_SysCtrl.obj" "./Driver/source/DSP2833x_usDelay.obj" "./User/main.obj" "../28335_RAM_lnk.cmd" "../DSP2833x_Headers_nonBIOS.cmd"  -llibc.a 
<Linking>
Finished building target: "example0.out"
 

**** ??????? ****

****项目 example0 配置 Debug 中的 构建****

"D:\\ProgramFiles\\CCS\\ccs\\utils\\bin\\gmake" -k -j 24 all -O 
 
gmake[1]: 'example0.out' is up to date.

**** ??????? ****

****项目 example0 配置 Debug 中的 构建****

"D:\\ProgramFiles\\CCS\\ccs\\utils\\bin\\gmake" -k -j 24 all -O 
 
gmake[1]: 'example0.out' is up to date.

**** ??????? ****

****项目 example0 配置 Debug 中的 构建****

"D:\\ProgramFiles\\CCS\\ccs\\utils\\bin\\gmake" -k -j 24 all -O 
 
gmake[1]: 'example0.out' is up to date.

**** ??????? ****

****项目 example0 配置 Debug 中的 构建****

"D:\\ProgramFiles\\CCS\\ccs\\utils\\bin\\gmake" -k -j 24 all -O 
 
gmake[1]: 'example0.out' is up to date.

**** ??????? ****

****项目 example0 配置 Debug 中的 仅清理的构建****

"D:\\ProgramFiles\\CCS\\ccs\\utils\\bin\\gmake" -k -j 24 clean -O 
 
DEL /F  "example0.out" 
DEL /F "Driver\source\DSP2833x_ADC_cal.obj" "Driver\source\DSP2833x_GlobalVariableDefs.obj" "Driver\source\DSP2833x_SysCtrl.obj" "Driver\source\DSP2833x_usDelay.obj" "User\main.obj" 
DEL /F "Driver\source\DSP2833x_GlobalVariableDefs.d" "Driver\source\DSP2833x_SysCtrl.d" "User\main.d" 
DEL /F "Driver\source\DSP2833x_ADC_cal.d" "Driver\source\DSP2833x_usDelay.d" 
????? C:\Users\30495\Desktop\CCSPro\example0\Debug\Driver\source\DSP2833x_ADC_cal.d
Finished clean
 

**** ??????? ****

****项目 example0 配置 Debug 中的 构建****

"D:\\ProgramFiles\\CCS\\ccs\\utils\\bin\\gmake" -k -j 24 all -O 
 
Building file: "../Driver/source/DSP2833x_ADC_cal.asm"
正在调用??C2000 Compiler
"D:/ProgramFiles/CCS/ccs/tools/compiler/ti-cgt-c2000_22.6.1.LTS/bin/cl2000" -v28 -ml -mt --float_support=fpu32 --include_path="D:/ProgramFiles/CCS/ccs/tools/compiler/ti-cgt-c2000_22.6.1.LTS/include" --include_path="C:/Users/30495/Desktop/CCSPro/example0/Driver/include" -g --diag_warning=225 --diag_wrap=off --display_error_number --abi=coffabi --preproc_with_compile --preproc_dependency="Driver/source/DSP2833x_ADC_cal.d_raw" --obj_directory="Driver/source"  "../Driver/source/DSP2833x_ADC_cal.asm"
Finished building: "../Driver/source/DSP2833x_ADC_cal.asm"
 
Building file: "../Driver/source/DSP2833x_usDelay.asm"
正在调用??C2000 Compiler
"D:/ProgramFiles/CCS/ccs/tools/compiler/ti-cgt-c2000_22.6.1.LTS/bin/cl2000" -v28 -ml -mt --float_support=fpu32 --include_path="D:/ProgramFiles/CCS/ccs/tools/compiler/ti-cgt-c2000_22.6.1.LTS/include" --include_path="C:/Users/30495/Desktop/CCSPro/example0/Driver/include" -g --diag_warning=225 --diag_wrap=off --display_error_number --abi=coffabi --preproc_with_compile --preproc_dependency="Driver/source/DSP2833x_usDelay.d_raw" --obj_directory="Driver/source"  "../Driver/source/DSP2833x_usDelay.asm"
Finished building: "../Driver/source/DSP2833x_usDelay.asm"
 
Building file: "../User/main.c"
正在调用??C2000 Compiler
"D:/ProgramFiles/CCS/ccs/tools/compiler/ti-cgt-c2000_22.6.1.LTS/bin/cl2000" -v28 -ml -mt --float_support=fpu32 --include_path="D:/ProgramFiles/CCS/ccs/tools/compiler/ti-cgt-c2000_22.6.1.LTS/include" --include_path="C:/Users/30495/Desktop/CCSPro/example0/Driver/include" -g --diag_warning=225 --diag_wrap=off --display_error_number --abi=coffabi --preproc_with_compile --preproc_dependency="User/main.d_raw" --obj_directory="User"  "../User/main.c"
Finished building: "../User/main.c"
 
Building file: "../Driver/source/DSP2833x_SysCtrl.c"
正在调用??C2000 Compiler
"D:/ProgramFiles/CCS/ccs/tools/compiler/ti-cgt-c2000_22.6.1.LTS/bin/cl2000" -v28 -ml -mt --float_support=fpu32 --include_path="D:/ProgramFiles/CCS/ccs/tools/compiler/ti-cgt-c2000_22.6.1.LTS/include" --include_path="C:/Users/30495/Desktop/CCSPro/example0/Driver/include" -g --diag_warning=225 --diag_wrap=off --display_error_number --abi=coffabi --preproc_with_compile --preproc_dependency="Driver/source/DSP2833x_SysCtrl.d_raw" --obj_directory="Driver/source"  "../Driver/source/DSP2833x_SysCtrl.c"
Finished building: "../Driver/source/DSP2833x_SysCtrl.c"
 
Building file: "../Driver/source/DSP2833x_GlobalVariableDefs.c"
正在调用??C2000 Compiler
"D:/ProgramFiles/CCS/ccs/tools/compiler/ti-cgt-c2000_22.6.1.LTS/bin/cl2000" -v28 -ml -mt --float_support=fpu32 --include_path="D:/ProgramFiles/CCS/ccs/tools/compiler/ti-cgt-c2000_22.6.1.LTS/include" --include_path="C:/Users/30495/Desktop/CCSPro/example0/Driver/include" -g --diag_warning=225 --diag_wrap=off --display_error_number --abi=coffabi --preproc_with_compile --preproc_dependency="Driver/source/DSP2833x_GlobalVariableDefs.d_raw" --obj_directory="Driver/source"  "../Driver/source/DSP2833x_GlobalVariableDefs.c"
Finished building: "../Driver/source/DSP2833x_GlobalVariableDefs.c"
 
Building target: "example0.out"
正在调用??C2000 Linker
"D:/ProgramFiles/CCS/ccs/tools/compiler/ti-cgt-c2000_22.6.1.LTS/bin/cl2000" -v28 -ml -mt --float_support=fpu32 -g --diag_warning=225 --diag_wrap=off --display_error_number --abi=coffabi -z -m"example0.map" --stack_size=0x300 --warn_sections -i"D:/ProgramFiles/CCS/ccs/tools/compiler/ti-cgt-c2000_22.6.1.LTS/lib" -i"D:/ProgramFiles/CCS/ccs/tools/compiler/ti-cgt-c2000_22.6.1.LTS/include" --reread_libs --diag_wrap=off --display_error_number --xml_link_info="example0_linkInfo.xml" --rom_model -o "example0.out" "./Driver/source/DSP2833x_ADC_cal.obj" "./Driver/source/DSP2833x_GlobalVariableDefs.obj" "./Driver/source/DSP2833x_SysCtrl.obj" "./Driver/source/DSP2833x_usDelay.obj" "./User/main.obj" "../28335_RAM_lnk.cmd" "../DSP2833x_Headers_nonBIOS.cmd"  -llibc.a 
<Linking>
Finished building target: "example0.out"
 

**** ??????? ****

****项目 example0 配置 Debug 中的 构建****

"D:\\ProgramFiles\\CCS\\ccs\\utils\\bin\\gmake" -k -j 24 all -O 
 
gmake[1]: 'example0.out' is up to date.

**** ??????? ****

****项目 example0 配置 Debug 中的 构建****

"D:\\ProgramFiles\\CCS\\ccs\\utils\\bin\\gmake" -k -j 24 all -O 
 
Building file: "../Driver/source/DSP2833x_ADC_cal.asm"
正在调用??C2000 Compiler
"D:/ProgramFiles/CCS/ccs/tools/compiler/ti-cgt-c2000_22.6.1.LTS/bin/cl2000" -v28 -ml -mt --float_support=fpu32 --include_path="D:/ProgramFiles/CCS/ccs/tools/compiler/ti-cgt-c2000_22.6.1.LTS/include" --include_path="C:/Users/30495/Desktop/CCSPro/example0/User" --include_path="C:/Users/30495/Desktop/CCSPro/example0/Driver/include" -g --diag_warning=225 --diag_wrap=off --display_error_number --abi=coffabi --preproc_with_compile --preproc_dependency="Driver/source/DSP2833x_ADC_cal.d_raw" --obj_directory="Driver/source"  "../Driver/source/DSP2833x_ADC_cal.asm"
Finished building: "../Driver/source/DSP2833x_ADC_cal.asm"
 
Building file: "../Driver/source/DSP2833x_usDelay.asm"
正在调用??C2000 Compiler
"D:/ProgramFiles/CCS/ccs/tools/compiler/ti-cgt-c2000_22.6.1.LTS/bin/cl2000" -v28 -ml -mt --float_support=fpu32 --include_path="D:/ProgramFiles/CCS/ccs/tools/compiler/ti-cgt-c2000_22.6.1.LTS/include" --include_path="C:/Users/30495/Desktop/CCSPro/example0/User" --include_path="C:/Users/30495/Desktop/CCSPro/example0/Driver/include" -g --diag_warning=225 --diag_wrap=off --display_error_number --abi=coffabi --preproc_with_compile --preproc_dependency="Driver/source/DSP2833x_usDelay.d_raw" --obj_directory="Driver/source"  "../Driver/source/DSP2833x_usDelay.asm"
Finished building: "../Driver/source/DSP2833x_usDelay.asm"
 
Building file: "../User/main.c"
正在调用??C2000 Compiler
"D:/ProgramFiles/CCS/ccs/tools/compiler/ti-cgt-c2000_22.6.1.LTS/bin/cl2000" -v28 -ml -mt --float_support=fpu32 --include_path="D:/ProgramFiles/CCS/ccs/tools/compiler/ti-cgt-c2000_22.6.1.LTS/include" --include_path="C:/Users/30495/Desktop/CCSPro/example0/User" --include_path="C:/Users/30495/Desktop/CCSPro/example0/Driver/include" -g --diag_warning=225 --diag_wrap=off --display_error_number --abi=coffabi --preproc_with_compile --preproc_dependency="User/main.d_raw" --obj_directory="User"  "../User/main.c"
Finished building: "../User/main.c"
 
Building file: "../User/bsp/led.c"
正在调用??C2000 Compiler
"D:/ProgramFiles/CCS/ccs/tools/compiler/ti-cgt-c2000_22.6.1.LTS/bin/cl2000" -v28 -ml -mt --float_support=fpu32 --include_path="D:/ProgramFiles/CCS/ccs/tools/compiler/ti-cgt-c2000_22.6.1.LTS/include" --include_path="C:/Users/30495/Desktop/CCSPro/example0/User" --include_path="C:/Users/30495/Desktop/CCSPro/example0/Driver/include" -g --diag_warning=225 --diag_wrap=off --display_error_number --abi=coffabi --preproc_with_compile --preproc_dependency="User/bsp/led.d_raw" --obj_directory="User/bsp"  "../User/bsp/led.c"
"../User/bsp/led.c", line 28: warning #1-D: last line of file ends without a newline
Finished building: "../User/bsp/led.c"
 
Building file: "../Driver/source/DSP2833x_SysCtrl.c"
正在调用??C2000 Compiler
"D:/ProgramFiles/CCS/ccs/tools/compiler/ti-cgt-c2000_22.6.1.LTS/bin/cl2000" -v28 -ml -mt --float_support=fpu32 --include_path="D:/ProgramFiles/CCS/ccs/tools/compiler/ti-cgt-c2000_22.6.1.LTS/include" --include_path="C:/Users/30495/Desktop/CCSPro/example0/User" --include_path="C:/Users/30495/Desktop/CCSPro/example0/Driver/include" -g --diag_warning=225 --diag_wrap=off --display_error_number --abi=coffabi --preproc_with_compile --preproc_dependency="Driver/source/DSP2833x_SysCtrl.d_raw" --obj_directory="Driver/source"  "../Driver/source/DSP2833x_SysCtrl.c"
Finished building: "../Driver/source/DSP2833x_SysCtrl.c"
 
Building file: "../Driver/source/DSP2833x_GlobalVariableDefs.c"
正在调用??C2000 Compiler
"D:/ProgramFiles/CCS/ccs/tools/compiler/ti-cgt-c2000_22.6.1.LTS/bin/cl2000" -v28 -ml -mt --float_support=fpu32 --include_path="D:/ProgramFiles/CCS/ccs/tools/compiler/ti-cgt-c2000_22.6.1.LTS/include" --include_path="C:/Users/30495/Desktop/CCSPro/example0/User" --include_path="C:/Users/30495/Desktop/CCSPro/example0/Driver/include" -g --diag_warning=225 --diag_wrap=off --display_error_number --abi=coffabi --preproc_with_compile --preproc_dependency="Driver/source/DSP2833x_GlobalVariableDefs.d_raw" --obj_directory="Driver/source"  "../Driver/source/DSP2833x_GlobalVariableDefs.c"
Finished building: "../Driver/source/DSP2833x_GlobalVariableDefs.c"
 
Building target: "example0.out"
正在调用??C2000 Linker
"D:/ProgramFiles/CCS/ccs/tools/compiler/ti-cgt-c2000_22.6.1.LTS/bin/cl2000" -v28 -ml -mt --float_support=fpu32 -g --diag_warning=225 --diag_wrap=off --display_error_number --abi=coffabi -z -m"example0.map" --stack_size=0x300 --warn_sections -i"D:/ProgramFiles/CCS/ccs/tools/compiler/ti-cgt-c2000_22.6.1.LTS/lib" -i"D:/ProgramFiles/CCS/ccs/tools/compiler/ti-cgt-c2000_22.6.1.LTS/include" --reread_libs --diag_wrap=off --display_error_number --xml_link_info="example0_linkInfo.xml" --rom_model -o "example0.out" "./Driver/source/DSP2833x_ADC_cal.obj" "./Driver/source/DSP2833x_GlobalVariableDefs.obj" "./Driver/source/DSP2833x_SysCtrl.obj" "./Driver/source/DSP2833x_usDelay.obj" "./User/bsp/led.obj" "./User/main.obj" "../28335_RAM_lnk.cmd" "../DSP2833x_Headers_nonBIOS.cmd"  -llibc.a 
<Linking>
Finished building target: "example0.out"
 

**** ??????? ****

****项目 example0 配置 Debug 中的 构建****

"D:\\ProgramFiles\\CCS\\ccs\\utils\\bin\\gmake" -k -j 24 all -O 
 
Building file: "../User/bsp/led.c"
正在调用??C2000 Compiler
"D:/ProgramFiles/CCS/ccs/tools/compiler/ti-cgt-c2000_22.6.1.LTS/bin/cl2000" -v28 -ml -mt --float_support=fpu32 --include_path="D:/ProgramFiles/CCS/ccs/tools/compiler/ti-cgt-c2000_22.6.1.LTS/include" --include_path="C:/Users/30495/Desktop/CCSPro/example0/User" --include_path="C:/Users/30495/Desktop/CCSPro/example0/Driver/include" -g --diag_warning=225 --diag_wrap=off --display_error_number --abi=coffabi --preproc_with_compile --preproc_dependency="User/bsp/led.d_raw" --obj_directory="User/bsp"  "../User/bsp/led.c"
Finished building: "../User/bsp/led.c"
 
Building target: "example0.out"
正在调用??C2000 Linker
"D:/ProgramFiles/CCS/ccs/tools/compiler/ti-cgt-c2000_22.6.1.LTS/bin/cl2000" -v28 -ml -mt --float_support=fpu32 -g --diag_warning=225 --diag_wrap=off --display_error_number --abi=coffabi -z -m"example0.map" --stack_size=0x300 --warn_sections -i"D:/ProgramFiles/CCS/ccs/tools/compiler/ti-cgt-c2000_22.6.1.LTS/lib" -i"D:/ProgramFiles/CCS/ccs/tools/compiler/ti-cgt-c2000_22.6.1.LTS/include" --reread_libs --diag_wrap=off --display_error_number --xml_link_info="example0_linkInfo.xml" --rom_model -o "example0.out" "./Driver/source/DSP2833x_ADC_cal.obj" "./Driver/source/DSP2833x_GlobalVariableDefs.obj" "./Driver/source/DSP2833x_SysCtrl.obj" "./Driver/source/DSP2833x_usDelay.obj" "./User/bsp/led.obj" "./User/main.obj" "../28335_RAM_lnk.cmd" "../DSP2833x_Headers_nonBIOS.cmd"  -llibc.a 
<Linking>
Finished building target: "example0.out"
 

**** ??????? ****

Cleaning output of file 'User/bsp/led.c':
	Deleting file 'User/bsp/led.obj'...
Done.

****项目 example0 配置 Debug 中的 构建****

"D:\\ProgramFiles\\CCS\\ccs\\utils\\bin\\gmake" -k -j 24 all -O 
 
Building file: "../User/bsp/led.c"
正在调用??C2000 Compiler
"D:/ProgramFiles/CCS/ccs/tools/compiler/ti-cgt-c2000_22.6.1.LTS/bin/cl2000" -v28 -ml -mt --float_support=fpu32 --include_path="D:/ProgramFiles/CCS/ccs/tools/compiler/ti-cgt-c2000_22.6.1.LTS/include" --include_path="C:/Users/30495/Desktop/CCSPro/example0/User" --include_path="C:/Users/30495/Desktop/CCSPro/example0/Driver/include" -g --diag_warning=225 --diag_wrap=off --display_error_number --abi=coffabi --preproc_with_compile --preproc_dependency="User/bsp/led.d_raw" --obj_directory="User/bsp"  "../User/bsp/led.c"
Finished building: "../User/bsp/led.c"
 
Building target: "example0.out"
正在调用??C2000 Linker
"D:/ProgramFiles/CCS/ccs/tools/compiler/ti-cgt-c2000_22.6.1.LTS/bin/cl2000" -v28 -ml -mt --float_support=fpu32 -g --diag_warning=225 --diag_wrap=off --display_error_number --abi=coffabi -z -m"example0.map" --stack_size=0x300 --warn_sections -i"D:/ProgramFiles/CCS/ccs/tools/compiler/ti-cgt-c2000_22.6.1.LTS/lib" -i"D:/ProgramFiles/CCS/ccs/tools/compiler/ti-cgt-c2000_22.6.1.LTS/include" --reread_libs --diag_wrap=off --display_error_number --xml_link_info="example0_linkInfo.xml" --rom_model -o "example0.out" "./Driver/source/DSP2833x_ADC_cal.obj" "./Driver/source/DSP2833x_GlobalVariableDefs.obj" "./Driver/source/DSP2833x_SysCtrl.obj" "./Driver/source/DSP2833x_usDelay.obj" "./User/bsp/led.obj" "./User/main.obj" "../28335_RAM_lnk.cmd" "../DSP2833x_Headers_nonBIOS.cmd"  -llibc.a 
<Linking>
Finished building target: "example0.out"
 

**** ??????? ****

****项目 example0 配置 Debug 中的 构建****

"D:\\ProgramFiles\\CCS\\ccs\\utils\\bin\\gmake" -k -j 24 all -O 
 
Building file: "../Driver/source/DSP2833x_ADC_cal.asm"
正在调用??C2000 Compiler
"D:/ProgramFiles/CCS/ccs/tools/compiler/ti-cgt-c2000_22.6.1.LTS/bin/cl2000" -v28 -ml -mt --float_support=fpu32 --include_path="D:/ProgramFiles/CCS/ccs/tools/compiler/ti-cgt-c2000_22.6.1.LTS/include" --include_path="C:/Users/30495/Desktop/CCSPro/example0/User" --include_path="C:/Users/30495/Desktop/CCSPro/example0/Driver/include" -g --diag_warning=225 --diag_wrap=off --display_error_number --abi=coffabi --preproc_with_compile --preproc_dependency="Driver/source/DSP2833x_ADC_cal.d_raw" --obj_directory="Driver/source"  "../Driver/source/DSP2833x_ADC_cal.asm"
Finished building: "../Driver/source/DSP2833x_ADC_cal.asm"
 
Building file: "../Driver/source/DSP2833x_CSMPasswords.asm"
正在调用??C2000 Compiler
"D:/ProgramFiles/CCS/ccs/tools/compiler/ti-cgt-c2000_22.6.1.LTS/bin/cl2000" -v28 -ml -mt --float_support=fpu32 --include_path="D:/ProgramFiles/CCS/ccs/tools/compiler/ti-cgt-c2000_22.6.1.LTS/include" --include_path="C:/Users/30495/Desktop/CCSPro/example0/User" --include_path="C:/Users/30495/Desktop/CCSPro/example0/Driver/include" -g --diag_warning=225 --diag_wrap=off --display_error_number --abi=coffabi --preproc_with_compile --preproc_dependency="Driver/source/DSP2833x_CSMPasswords.d_raw" --obj_directory="Driver/source"  "../Driver/source/DSP2833x_CSMPasswords.asm"
Finished building: "../Driver/source/DSP2833x_CSMPasswords.asm"
 
Building file: "../Driver/source/DSP2833x_CodeStartBranch.asm"
正在调用??C2000 Compiler
"D:/ProgramFiles/CCS/ccs/tools/compiler/ti-cgt-c2000_22.6.1.LTS/bin/cl2000" -v28 -ml -mt --float_support=fpu32 --include_path="D:/ProgramFiles/CCS/ccs/tools/compiler/ti-cgt-c2000_22.6.1.LTS/include" --include_path="C:/Users/30495/Desktop/CCSPro/example0/User" --include_path="C:/Users/30495/Desktop/CCSPro/example0/Driver/include" -g --diag_warning=225 --diag_wrap=off --display_error_number --abi=coffabi --preproc_with_compile --preproc_dependency="Driver/source/DSP2833x_CodeStartBranch.d_raw" --obj_directory="Driver/source"  "../Driver/source/DSP2833x_CodeStartBranch.asm"
Finished building: "../Driver/source/DSP2833x_CodeStartBranch.asm"
 
Building file: "../Driver/source/DSP2833x_DBGIER.asm"
正在调用??C2000 Compiler
"D:/ProgramFiles/CCS/ccs/tools/compiler/ti-cgt-c2000_22.6.1.LTS/bin/cl2000" -v28 -ml -mt --float_support=fpu32 --include_path="D:/ProgramFiles/CCS/ccs/tools/compiler/ti-cgt-c2000_22.6.1.LTS/include" --include_path="C:/Users/30495/Desktop/CCSPro/example0/User" --include_path="C:/Users/30495/Desktop/CCSPro/example0/Driver/include" -g --diag_warning=225 --diag_wrap=off --display_error_number --abi=coffabi --preproc_with_compile --preproc_dependency="Driver/source/DSP2833x_DBGIER.d_raw" --obj_directory="Driver/source"  "../Driver/source/DSP2833x_DBGIER.asm"
Finished building: "../Driver/source/DSP2833x_DBGIER.asm"
 
Building file: "../Driver/source/DSP2833x_Adc.c"
正在调用??C2000 Compiler
"D:/ProgramFiles/CCS/ccs/tools/compiler/ti-cgt-c2000_22.6.1.LTS/bin/cl2000" -v28 -ml -mt --float_support=fpu32 --include_path="D:/ProgramFiles/CCS/ccs/tools/compiler/ti-cgt-c2000_22.6.1.LTS/include" --include_path="C:/Users/30495/Desktop/CCSPro/example0/User" --include_path="C:/Users/30495/Desktop/CCSPro/example0/Driver/include" -g --diag_warning=225 --diag_wrap=off --display_error_number --abi=coffabi --preproc_with_compile --preproc_dependency="Driver/source/DSP2833x_Adc.d_raw" --obj_directory="Driver/source"  "../Driver/source/DSP2833x_Adc.c"
Finished building: "../Driver/source/DSP2833x_Adc.c"
 
Building file: "../Driver/source/DSP2833x_CpuTimers.c"
正在调用??C2000 Compiler
"D:/ProgramFiles/CCS/ccs/tools/compiler/ti-cgt-c2000_22.6.1.LTS/bin/cl2000" -v28 -ml -mt --float_support=fpu32 --include_path="D:/ProgramFiles/CCS/ccs/tools/compiler/ti-cgt-c2000_22.6.1.LTS/include" --include_path="C:/Users/30495/Desktop/CCSPro/example0/User" --include_path="C:/Users/30495/Desktop/CCSPro/example0/Driver/include" -g --diag_warning=225 --diag_wrap=off --display_error_number --abi=coffabi --preproc_with_compile --preproc_dependency="Driver/source/DSP2833x_CpuTimers.d_raw" --obj_directory="Driver/source"  "../Driver/source/DSP2833x_CpuTimers.c"
Finished building: "../Driver/source/DSP2833x_CpuTimers.c"
 
Building file: "../Driver/source/DSP2833x_DefaultIsr.c"
正在调用??C2000 Compiler
"D:/ProgramFiles/CCS/ccs/tools/compiler/ti-cgt-c2000_22.6.1.LTS/bin/cl2000" -v28 -ml -mt --float_support=fpu32 --include_path="D:/ProgramFiles/CCS/ccs/tools/compiler/ti-cgt-c2000_22.6.1.LTS/include" --include_path="C:/Users/30495/Desktop/CCSPro/example0/User" --include_path="C:/Users/30495/Desktop/CCSPro/example0/Driver/include" -g --diag_warning=225 --diag_wrap=off --display_error_number --abi=coffabi --preproc_with_compile --preproc_dependency="Driver/source/DSP2833x_DefaultIsr.d_raw" --obj_directory="Driver/source"  "../Driver/source/DSP2833x_DefaultIsr.c"
Finished building: "../Driver/source/DSP2833x_DefaultIsr.c"
 
Building file: "../Driver/source/DSP2833x_DisInt.asm"
正在调用??C2000 Compiler
"D:/ProgramFiles/CCS/ccs/tools/compiler/ti-cgt-c2000_22.6.1.LTS/bin/cl2000" -v28 -ml -mt --float_support=fpu32 --include_path="D:/ProgramFiles/CCS/ccs/tools/compiler/ti-cgt-c2000_22.6.1.LTS/include" --include_path="C:/Users/30495/Desktop/CCSPro/example0/User" --include_path="C:/Users/30495/Desktop/CCSPro/example0/Driver/include" -g --diag_warning=225 --diag_wrap=off --display_error_number --abi=coffabi --preproc_with_compile --preproc_dependency="Driver/source/DSP2833x_DisInt.d_raw" --obj_directory="Driver/source"  "../Driver/source/DSP2833x_DisInt.asm"
Finished building: "../Driver/source/DSP2833x_DisInt.asm"
 
Building file: "../Driver/source/DSP2833x_DMA.c"
正在调用??C2000 Compiler
"D:/ProgramFiles/CCS/ccs/tools/compiler/ti-cgt-c2000_22.6.1.LTS/bin/cl2000" -v28 -ml -mt --float_support=fpu32 --include_path="D:/ProgramFiles/CCS/ccs/tools/compiler/ti-cgt-c2000_22.6.1.LTS/include" --include_path="C:/Users/30495/Desktop/CCSPro/example0/User" --include_path="C:/Users/30495/Desktop/CCSPro/example0/Driver/include" -g --diag_warning=225 --diag_wrap=off --display_error_number --abi=coffabi --preproc_with_compile --preproc_dependency="Driver/source/DSP2833x_DMA.d_raw" --obj_directory="Driver/source"  "../Driver/source/DSP2833x_DMA.c"
Finished building: "../Driver/source/DSP2833x_DMA.c"
 
Building file: "../Driver/source/DSP2833x_ECap.c"
正在调用??C2000 Compiler
"D:/ProgramFiles/CCS/ccs/tools/compiler/ti-cgt-c2000_22.6.1.LTS/bin/cl2000" -v28 -ml -mt --float_support=fpu32 --include_path="D:/ProgramFiles/CCS/ccs/tools/compiler/ti-cgt-c2000_22.6.1.LTS/include" --include_path="C:/Users/30495/Desktop/CCSPro/example0/User" --include_path="C:/Users/30495/Desktop/CCSPro/example0/Driver/include" -g --diag_warning=225 --diag_wrap=off --display_error_number --abi=coffabi --preproc_with_compile --preproc_dependency="Driver/source/DSP2833x_ECap.d_raw" --obj_directory="Driver/source"  "../Driver/source/DSP2833x_ECap.c"
Finished building: "../Driver/source/DSP2833x_ECap.c"
 
Building file: "../Driver/source/DSP2833x_EPwm.c"
正在调用??C2000 Compiler
"D:/ProgramFiles/CCS/ccs/tools/compiler/ti-cgt-c2000_22.6.1.LTS/bin/cl2000" -v28 -ml -mt --float_support=fpu32 --include_path="D:/ProgramFiles/CCS/ccs/tools/compiler/ti-cgt-c2000_22.6.1.LTS/include" --include_path="C:/Users/30495/Desktop/CCSPro/example0/User" --include_path="C:/Users/30495/Desktop/CCSPro/example0/Driver/include" -g --diag_warning=225 --diag_wrap=off --display_error_number --abi=coffabi --preproc_with_compile --preproc_dependency="Driver/source/DSP2833x_EPwm.d_raw" --obj_directory="Driver/source"  "../Driver/source/DSP2833x_EPwm.c"
Finished building: "../Driver/source/DSP2833x_EPwm.c"
 
Building file: "../Driver/source/DSP2833x_ECan.c"
正在调用??C2000 Compiler
"D:/ProgramFiles/CCS/ccs/tools/compiler/ti-cgt-c2000_22.6.1.LTS/bin/cl2000" -v28 -ml -mt --float_support=fpu32 --include_path="D:/ProgramFiles/CCS/ccs/tools/compiler/ti-cgt-c2000_22.6.1.LTS/include" --include_path="C:/Users/30495/Desktop/CCSPro/example0/User" --include_path="C:/Users/30495/Desktop/CCSPro/example0/Driver/include" -g --diag_warning=225 --diag_wrap=off --display_error_number --abi=coffabi --preproc_with_compile --preproc_dependency="Driver/source/DSP2833x_ECan.d_raw" --obj_directory="Driver/source"  "../Driver/source/DSP2833x_ECan.c"
Finished building: "../Driver/source/DSP2833x_ECan.c"
 
Building file: "../Driver/source/DSP2833x_EQep.c"
正在调用??C2000 Compiler
"D:/ProgramFiles/CCS/ccs/tools/compiler/ti-cgt-c2000_22.6.1.LTS/bin/cl2000" -v28 -ml -mt --float_support=fpu32 --include_path="D:/ProgramFiles/CCS/ccs/tools/compiler/ti-cgt-c2000_22.6.1.LTS/include" --include_path="C:/Users/30495/Desktop/CCSPro/example0/User" --include_path="C:/Users/30495/Desktop/CCSPro/example0/Driver/include" -g --diag_warning=225 --diag_wrap=off --display_error_number --abi=coffabi --preproc_with_compile --preproc_dependency="Driver/source/DSP2833x_EQep.d_raw" --obj_directory="Driver/source"  "../Driver/source/DSP2833x_EQep.c"
Finished building: "../Driver/source/DSP2833x_EQep.c"
 
Building file: "../Driver/source/DSP2833x_Gpio.c"
正在调用??C2000 Compiler
"D:/ProgramFiles/CCS/ccs/tools/compiler/ti-cgt-c2000_22.6.1.LTS/bin/cl2000" -v28 -ml -mt --float_support=fpu32 --include_path="D:/ProgramFiles/CCS/ccs/tools/compiler/ti-cgt-c2000_22.6.1.LTS/include" --include_path="C:/Users/30495/Desktop/CCSPro/example0/User" --include_path="C:/Users/30495/Desktop/CCSPro/example0/Driver/include" -g --diag_warning=225 --diag_wrap=off --display_error_number --abi=coffabi --preproc_with_compile --preproc_dependency="Driver/source/DSP2833x_Gpio.d_raw" --obj_directory="Driver/source"  "../Driver/source/DSP2833x_Gpio.c"
Finished building: "../Driver/source/DSP2833x_Gpio.c"
 
Building file: "../Driver/source/DSP2833x_I2C.c"
正在调用??C2000 Compiler
"D:/ProgramFiles/CCS/ccs/tools/compiler/ti-cgt-c2000_22.6.1.LTS/bin/cl2000" -v28 -ml -mt --float_support=fpu32 --include_path="D:/ProgramFiles/CCS/ccs/tools/compiler/ti-cgt-c2000_22.6.1.LTS/include" --include_path="C:/Users/30495/Desktop/CCSPro/example0/User" --include_path="C:/Users/30495/Desktop/CCSPro/example0/Driver/include" -g --diag_warning=225 --diag_wrap=off --display_error_number --abi=coffabi --preproc_with_compile --preproc_dependency="Driver/source/DSP2833x_I2C.d_raw" --obj_directory="Driver/source"  "../Driver/source/DSP2833x_I2C.c"
Finished building: "../Driver/source/DSP2833x_I2C.c"
 
Building file: "../Driver/source/DSP2833x_MemCopy.c"
正在调用??C2000 Compiler
"D:/ProgramFiles/CCS/ccs/tools/compiler/ti-cgt-c2000_22.6.1.LTS/bin/cl2000" -v28 -ml -mt --float_support=fpu32 --include_path="D:/ProgramFiles/CCS/ccs/tools/compiler/ti-cgt-c2000_22.6.1.LTS/include" --include_path="C:/Users/30495/Desktop/CCSPro/example0/User" --include_path="C:/Users/30495/Desktop/CCSPro/example0/Driver/include" -g --diag_warning=225 --diag_wrap=off --display_error_number --abi=coffabi --preproc_with_compile --preproc_dependency="Driver/source/DSP2833x_MemCopy.d_raw" --obj_directory="Driver/source"  "../Driver/source/DSP2833x_MemCopy.c"
Finished building: "../Driver/source/DSP2833x_MemCopy.c"
 
Building file: "../Driver/source/DSP2833x_PieCtrl.c"
正在调用??C2000 Compiler
"D:/ProgramFiles/CCS/ccs/tools/compiler/ti-cgt-c2000_22.6.1.LTS/bin/cl2000" -v28 -ml -mt --float_support=fpu32 --include_path="D:/ProgramFiles/CCS/ccs/tools/compiler/ti-cgt-c2000_22.6.1.LTS/include" --include_path="C:/Users/30495/Desktop/CCSPro/example0/User" --include_path="C:/Users/30495/Desktop/CCSPro/example0/Driver/include" -g --diag_warning=225 --diag_wrap=off --display_error_number --abi=coffabi --preproc_with_compile --preproc_dependency="Driver/source/DSP2833x_PieCtrl.d_raw" --obj_directory="Driver/source"  "../Driver/source/DSP2833x_PieCtrl.c"
Finished building: "../Driver/source/DSP2833x_PieCtrl.c"
 
Building file: "../Driver/source/DSP2833x_Mcbsp.c"
正在调用??C2000 Compiler
"D:/ProgramFiles/CCS/ccs/tools/compiler/ti-cgt-c2000_22.6.1.LTS/bin/cl2000" -v28 -ml -mt --float_support=fpu32 --include_path="D:/ProgramFiles/CCS/ccs/tools/compiler/ti-cgt-c2000_22.6.1.LTS/include" --include_path="C:/Users/30495/Desktop/CCSPro/example0/User" --include_path="C:/Users/30495/Desktop/CCSPro/example0/Driver/include" -g --diag_warning=225 --diag_wrap=off --display_error_number --abi=coffabi --preproc_with_compile --preproc_dependency="Driver/source/DSP2833x_Mcbsp.d_raw" --obj_directory="Driver/source"  "../Driver/source/DSP2833x_Mcbsp.c"
Finished building: "../Driver/source/DSP2833x_Mcbsp.c"
 
Building file: "../Driver/source/DSP2833x_PieVect.c"
正在调用??C2000 Compiler
"D:/ProgramFiles/CCS/ccs/tools/compiler/ti-cgt-c2000_22.6.1.LTS/bin/cl2000" -v28 -ml -mt --float_support=fpu32 --include_path="D:/ProgramFiles/CCS/ccs/tools/compiler/ti-cgt-c2000_22.6.1.LTS/include" --include_path="C:/Users/30495/Desktop/CCSPro/example0/User" --include_path="C:/Users/30495/Desktop/CCSPro/example0/Driver/include" -g --diag_warning=225 --diag_wrap=off --display_error_number --abi=coffabi --preproc_with_compile --preproc_dependency="Driver/source/DSP2833x_PieVect.d_raw" --obj_directory="Driver/source"  "../Driver/source/DSP2833x_PieVect.c"
Finished building: "../Driver/source/DSP2833x_PieVect.c"
 
Building file: "../Driver/source/DSP2833x_SWPrioritizedPieVect.c"
正在调用??C2000 Compiler
"D:/ProgramFiles/CCS/ccs/tools/compiler/ti-cgt-c2000_22.6.1.LTS/bin/cl2000" -v28 -ml -mt --float_support=fpu32 --include_path="D:/ProgramFiles/CCS/ccs/tools/compiler/ti-cgt-c2000_22.6.1.LTS/include" --include_path="C:/Users/30495/Desktop/CCSPro/example0/User" --include_path="C:/Users/30495/Desktop/CCSPro/example0/Driver/include" -g --diag_warning=225 --diag_wrap=off --display_error_number --abi=coffabi --preproc_with_compile --preproc_dependency="Driver/source/DSP2833x_SWPrioritizedPieVect.d_raw" --obj_directory="Driver/source"  "../Driver/source/DSP2833x_SWPrioritizedPieVect.c"
Finished building: "../Driver/source/DSP2833x_SWPrioritizedPieVect.c"
 
Building file: "../Driver/source/DSP2833x_Sci.c"
正在调用??C2000 Compiler
"D:/ProgramFiles/CCS/ccs/tools/compiler/ti-cgt-c2000_22.6.1.LTS/bin/cl2000" -v28 -ml -mt --float_support=fpu32 --include_path="D:/ProgramFiles/CCS/ccs/tools/compiler/ti-cgt-c2000_22.6.1.LTS/include" --include_path="C:/Users/30495/Desktop/CCSPro/example0/User" --include_path="C:/Users/30495/Desktop/CCSPro/example0/Driver/include" -g --diag_warning=225 --diag_wrap=off --display_error_number --abi=coffabi --preproc_with_compile --preproc_dependency="Driver/source/DSP2833x_Sci.d_raw" --obj_directory="Driver/source"  "../Driver/source/DSP2833x_Sci.c"
Finished building: "../Driver/source/DSP2833x_Sci.c"
 
Building file: "../User/main.c"
正在调用??C2000 Compiler
"D:/ProgramFiles/CCS/ccs/tools/compiler/ti-cgt-c2000_22.6.1.LTS/bin/cl2000" -v28 -ml -mt --float_support=fpu32 --include_path="D:/ProgramFiles/CCS/ccs/tools/compiler/ti-cgt-c2000_22.6.1.LTS/include" --include_path="C:/Users/30495/Desktop/CCSPro/example0/User" --include_path="C:/Users/30495/Desktop/CCSPro/example0/Driver/include" -g --diag_warning=225 --diag_wrap=off --display_error_number --abi=coffabi --preproc_with_compile --preproc_dependency="User/main.d_raw" --obj_directory="User"  "../User/main.c"
 
>> Compilation failure
User/subdir_rules.mk:9: recipe for target 'User/main.obj' failed
"../User/main.c", line 11: warning #1-D: last line of file ends without a newline
"../User/main.c", line 11: warning #78-D: this declaration has no storage class or type specifier
At end of source: error #66: expected a ";"
1 error detected in the compilation of "../User/main.c".
gmake: *** [User/main.obj] Error 1
Building file: "../Driver/source/DSP2833x_Spi.c"
正在调用??C2000 Compiler
"D:/ProgramFiles/CCS/ccs/tools/compiler/ti-cgt-c2000_22.6.1.LTS/bin/cl2000" -v28 -ml -mt --float_support=fpu32 --include_path="D:/ProgramFiles/CCS/ccs/tools/compiler/ti-cgt-c2000_22.6.1.LTS/include" --include_path="C:/Users/30495/Desktop/CCSPro/example0/User" --include_path="C:/Users/30495/Desktop/CCSPro/example0/Driver/include" -g --diag_warning=225 --diag_wrap=off --display_error_number --abi=coffabi --preproc_with_compile --preproc_dependency="Driver/source/DSP2833x_Spi.d_raw" --obj_directory="Driver/source"  "../Driver/source/DSP2833x_Spi.c"
Finished building: "../Driver/source/DSP2833x_Spi.c"
 
Building file: "../Driver/source/DSP2833x_SysCtrl.c"
正在调用??C2000 Compiler
"D:/ProgramFiles/CCS/ccs/tools/compiler/ti-cgt-c2000_22.6.1.LTS/bin/cl2000" -v28 -ml -mt --float_support=fpu32 --include_path="D:/ProgramFiles/CCS/ccs/tools/compiler/ti-cgt-c2000_22.6.1.LTS/include" --include_path="C:/Users/30495/Desktop/CCSPro/example0/User" --include_path="C:/Users/30495/Desktop/CCSPro/example0/Driver/include" -g --diag_warning=225 --diag_wrap=off --display_error_number --abi=coffabi --preproc_with_compile --preproc_dependency="Driver/source/DSP2833x_SysCtrl.d_raw" --obj_directory="Driver/source"  "../Driver/source/DSP2833x_SysCtrl.c"
Finished building: "../Driver/source/DSP2833x_SysCtrl.c"
 
Building file: "../Driver/source/DSP2833x_usDelay.asm"
正在调用??C2000 Compiler
"D:/ProgramFiles/CCS/ccs/tools/compiler/ti-cgt-c2000_22.6.1.LTS/bin/cl2000" -v28 -ml -mt --float_support=fpu32 --include_path="D:/ProgramFiles/CCS/ccs/tools/compiler/ti-cgt-c2000_22.6.1.LTS/include" --include_path="C:/Users/30495/Desktop/CCSPro/example0/User" --include_path="C:/Users/30495/Desktop/CCSPro/example0/Driver/include" -g --diag_warning=225 --diag_wrap=off --display_error_number --abi=coffabi --preproc_with_compile --preproc_dependency="Driver/source/DSP2833x_usDelay.d_raw" --obj_directory="Driver/source"  "../Driver/source/DSP2833x_usDelay.asm"
Finished building: "../Driver/source/DSP2833x_usDelay.asm"
 
Building file: "../Driver/source/DSP2833x_SWPrioritizedDefaultIsr.c"
正在调用??C2000 Compiler
"D:/ProgramFiles/CCS/ccs/tools/compiler/ti-cgt-c2000_22.6.1.LTS/bin/cl2000" -v28 -ml -mt --float_support=fpu32 --include_path="D:/ProgramFiles/CCS/ccs/tools/compiler/ti-cgt-c2000_22.6.1.LTS/include" --include_path="C:/Users/30495/Desktop/CCSPro/example0/User" --include_path="C:/Users/30495/Desktop/CCSPro/example0/Driver/include" -g --diag_warning=225 --diag_wrap=off --display_error_number --abi=coffabi --preproc_with_compile --preproc_dependency="Driver/source/DSP2833x_SWPrioritizedDefaultIsr.d_raw" --obj_directory="Driver/source"  "../Driver/source/DSP2833x_SWPrioritizedDefaultIsr.c"
Finished building: "../Driver/source/DSP2833x_SWPrioritizedDefaultIsr.c"
 
Building file: "../Driver/source/DSP2833x_Xintf.c"
正在调用??C2000 Compiler
"D:/ProgramFiles/CCS/ccs/tools/compiler/ti-cgt-c2000_22.6.1.LTS/bin/cl2000" -v28 -ml -mt --float_support=fpu32 --include_path="D:/ProgramFiles/CCS/ccs/tools/compiler/ti-cgt-c2000_22.6.1.LTS/include" --include_path="C:/Users/30495/Desktop/CCSPro/example0/User" --include_path="C:/Users/30495/Desktop/CCSPro/example0/Driver/include" -g --diag_warning=225 --diag_wrap=off --display_error_number --abi=coffabi --preproc_with_compile --preproc_dependency="Driver/source/DSP2833x_Xintf.d_raw" --obj_directory="Driver/source"  "../Driver/source/DSP2833x_Xintf.c"
Finished building: "../Driver/source/DSP2833x_Xintf.c"
 
gmake: Target 'all' not remade because of errors.

**** ??????? ****

****项目 example0 配置 Debug 中的 构建****

"D:\\ProgramFiles\\CCS\\ccs\\utils\\bin\\gmake" -k -j 24 all -O 
 
Building file: "../User/main.c"
正在调用??C2000 Compiler
"D:/ProgramFiles/CCS/ccs/tools/compiler/ti-cgt-c2000_22.6.1.LTS/bin/cl2000" -v28 -ml -mt --float_support=fpu32 --include_path="D:/ProgramFiles/CCS/ccs/tools/compiler/ti-cgt-c2000_22.6.1.LTS/include" --include_path="C:/Users/30495/Desktop/CCSPro/example0/User" --include_path="C:/Users/30495/Desktop/CCSPro/example0/Driver/include" -g --diag_warning=225 --diag_wrap=off --display_error_number --abi=coffabi --preproc_with_compile --preproc_dependency="User/main.d_raw" --obj_directory="User"  "../User/main.c"
Finished building: "../User/main.c"
 
Building target: "example0.out"
正在调用??C2000 Linker
"D:/ProgramFiles/CCS/ccs/tools/compiler/ti-cgt-c2000_22.6.1.LTS/bin/cl2000" -v28 -ml -mt --float_support=fpu32 -g --diag_warning=225 --diag_wrap=off --display_error_number --abi=coffabi -z -m"example0.map" --stack_size=0x300 --warn_sections -i"D:/ProgramFiles/CCS/ccs/tools/compiler/ti-cgt-c2000_22.6.1.LTS/lib" -i"D:/ProgramFiles/CCS/ccs/tools/compiler/ti-cgt-c2000_22.6.1.LTS/include" --reread_libs --diag_wrap=off --display_error_number --xml_link_info="example0_linkInfo.xml" --rom_model -o "example0.out" "./Driver/source/DSP2833x_ADC_cal.obj" "./Driver/source/DSP2833x_Adc.obj" "./Driver/source/DSP2833x_CSMPasswords.obj" "./Driver/source/DSP2833x_CodeStartBranch.obj" "./Driver/source/DSP2833x_CpuTimers.obj" "./Driver/source/DSP2833x_DBGIER.obj" "./Driver/source/DSP2833x_DMA.obj" "./Driver/source/DSP2833x_DefaultIsr.obj" "./Driver/source/DSP2833x_DisInt.obj" "./Driver/source/DSP2833x_ECan.obj" "./Driver/source/DSP2833x_ECap.obj" "./Driver/source/DSP2833x_EPwm.obj" "./Driver/source/DSP2833x_EQep.obj" "./Driver/source/DSP2833x_GlobalVariableDefs.obj" "./Driver/source/DSP2833x_Gpio.obj" "./Driver/source/DSP2833x_I2C.obj" "./Driver/source/DSP2833x_Mcbsp.obj" "./Driver/source/DSP2833x_MemCopy.obj" "./Driver/source/DSP2833x_PieCtrl.obj" "./Driver/source/DSP2833x_PieVect.obj" "./Driver/source/DSP2833x_SWPrioritizedDefaultIsr.obj" "./Driver/source/DSP2833x_SWPrioritizedPieVect.obj" "./Driver/source/DSP2833x_Sci.obj" "./Driver/source/DSP2833x_Spi.obj" "./Driver/source/DSP2833x_SysCtrl.obj" "./Driver/source/DSP2833x_Xintf.obj" "./Driver/source/DSP2833x_usDelay.obj" "./User/bsp/led.obj" "./User/main.obj" "../28335_RAM_lnk.cmd" "../DSP2833x_Headers_nonBIOS.cmd"  -llibc.a 
<Linking>
error #10056: symbol "_ILLEGAL_ISR" redefined: first defined in "./Driver/source/DSP2833x_DefaultIsr.obj"; redefined in "./Driver/source/DSP2833x_SWPrioritizedDefaultIsr.obj"
error #10056: symbol "_EPWM6_INT_ISR" redefined: first defined in "./Driver/source/DSP2833x_DefaultIsr.obj"; redefined in "./Driver/source/DSP2833x_SWPrioritizedDefaultIsr.obj"
error #10056: symbol "_DATALOG_ISR" redefined: first defined in "./Driver/source/DSP2833x_DefaultIsr.obj"; redefined in "./Driver/source/DSP2833x_SWPrioritizedDefaultIsr.obj"
error #10056: symbol "_SPITXINTA_ISR" redefined: first defined in "./Driver/source/DSP2833x_DefaultIsr.obj"; redefined in "./Driver/source/DSP2833x_SWPrioritizedDefaultIsr.obj"
error #10056: symbol "_SPIRXINTA_ISR" redefined: first defined in "./Driver/source/DSP2833x_DefaultIsr.obj"; redefined in "./Driver/source/DSP2833x_SWPrioritizedDefaultIsr.obj"
error #10056: symbol "_DINTCH3_ISR" redefined: first defined in "./Driver/source/DSP2833x_DefaultIsr.obj"; redefined in "./Driver/source/DSP2833x_SWPrioritizedDefaultIsr.obj"
error #10056: symbol "_XINT4_ISR" redefined: first defined in "./Driver/source/DSP2833x_DefaultIsr.obj"; redefined in "./Driver/source/DSP2833x_SWPrioritizedDefaultIsr.obj"
error #10056: symbol "_SEQ1INT_ISR" redefined: first defined in "./Driver/source/DSP2833x_DefaultIsr.obj"; redefined in "./Driver/source/DSP2833x_SWPrioritizedDefaultIsr.obj"
error #10056: symbol "_ECAP3_INT_ISR" redefined: first defined in "./Driver/source/DSP2833x_DefaultIsr.obj"; redefined in "./Driver/source/DSP2833x_SWPrioritizedDefaultIsr.obj"
error #10056: symbol "_INT13_ISR" redefined: first defined in "./Driver/source/DSP2833x_DefaultIsr.obj"; redefined in "./Driver/source/DSP2833x_SWPrioritizedDefaultIsr.obj"
error #10056: symbol "_MXINTA_ISR" redefined: first defined in "./Driver/source/DSP2833x_DefaultIsr.obj"; redefined in "./Driver/source/DSP2833x_SWPrioritizedDefaultIsr.obj"
error #10056: symbol "_EPWM4_INT_ISR" redefined: first defined in "./Driver/source/DSP2833x_DefaultIsr.obj"; redefined in "./Driver/source/DSP2833x_SWPrioritizedDefaultIsr.obj"
error #10056: symbol "_USER5_ISR" redefined: first defined in "./Driver/source/DSP2833x_DefaultIsr.obj"; redefined in "./Driver/source/DSP2833x_SWPrioritizedDefaultIsr.obj"
error #10056: symbol "_XINT7_ISR" redefined: first defined in "./Driver/source/DSP2833x_DefaultIsr.obj"; redefined in "./Driver/source/DSP2833x_SWPrioritizedDefaultIsr.obj"
error #10056: symbol "_EPWM5_TZINT_ISR" redefined: first defined in "./Driver/source/DSP2833x_DefaultIsr.obj"; redefined in "./Driver/source/DSP2833x_SWPrioritizedDefaultIsr.obj"
error #10056: symbol "_EPWM4_TZINT_ISR" redefined: first defined in "./Driver/source/DSP2833x_DefaultIsr.obj"; redefined in "./Driver/source/DSP2833x_SWPrioritizedDefaultIsr.obj"
error #10056: symbol "_ECAN0INTA_ISR" redefined: first defined in "./Driver/source/DSP2833x_DefaultIsr.obj"; redefined in "./Driver/source/DSP2833x_SWPrioritizedDefaultIsr.obj"
error #10056: symbol "_EPWM6_TZINT_ISR" redefined: first defined in "./Driver/source/DSP2833x_DefaultIsr.obj"; redefined in "./Driver/source/DSP2833x_SWPrioritizedDefaultIsr.obj"
error #10056: symbol "_EMUINT_ISR" redefined: first defined in "./Driver/source/DSP2833x_DefaultIsr.obj"; redefined in "./Driver/source/DSP2833x_SWPrioritizedDefaultIsr.obj"
error #10056: symbol "_ECAP1_INT_ISR" redefined: first defined in "./Driver/source/DSP2833x_DefaultIsr.obj"; redefined in "./Driver/source/DSP2833x_SWPrioritizedDefaultIsr.obj"
error #10056: symbol "_EPWM1_TZINT_ISR" redefined: first defined in "./Driver/source/DSP2833x_DefaultIsr.obj"; redefined in "./Driver/source/DSP2833x_SWPrioritizedDefaultIsr.obj"
error #10056: symbol "_EQEP2_INT_ISR" redefined: first defined in "./Driver/source/DSP2833x_DefaultIsr.obj"; redefined in "./Driver/source/DSP2833x_SWPrioritizedDefaultIsr.obj"
error #10056: symbol "_USER11_ISR" redefined: first defined in "./Driver/source/DSP2833x_DefaultIsr.obj"; redefined in "./Driver/source/DSP2833x_SWPrioritizedDefaultIsr.obj"
error #10056: symbol "_EPWM3_TZINT_ISR" redefined: first defined in "./Driver/source/DSP2833x_DefaultIsr.obj"; redefined in "./Driver/source/DSP2833x_SWPrioritizedDefaultIsr.obj"
error #10056: symbol "_USER4_ISR" redefined: first defined in "./Driver/source/DSP2833x_DefaultIsr.obj"; redefined in "./Driver/source/DSP2833x_SWPrioritizedDefaultIsr.obj"
error #10056: symbol "_EPWM2_TZINT_ISR" redefined: first defined in "./Driver/source/DSP2833x_DefaultIsr.obj"; redefined in "./Driver/source/DSP2833x_SWPrioritizedDefaultIsr.obj"
error #10056: symbol "_XINT6_ISR" redefined: first defined in "./Driver/source/DSP2833x_DefaultIsr.obj"; redefined in "./Driver/source/DSP2833x_SWPrioritizedDefaultIsr.obj"
error #10056: symbol "_EPWM2_INT_ISR" redefined: first defined in "./Driver/source/DSP2833x_DefaultIsr.obj"; redefined in "./Driver/source/DSP2833x_SWPrioritizedDefaultIsr.obj"
error #10056: symbol "_ECAN0INTB_ISR" redefined: first defined in "./Driver/source/DSP2833x_DefaultIsr.obj"; redefined in "./Driver/source/DSP2833x_SWPrioritizedDefaultIsr.obj"
error #10056: symbol "_TINT0_ISR" redefined: first defined in "./Driver/source/DSP2833x_DefaultIsr.obj"; redefined in "./Driver/source/DSP2833x_SWPrioritizedDefaultIsr.obj"
error #10056: symbol "_WAKEINT_ISR" redefined: first defined in "./Driver/source/DSP2833x_DefaultIsr.obj"; redefined in "./Driver/source/DSP2833x_SWPrioritizedDefaultIsr.obj"
error #10056: symbol "_DINTCH4_ISR" redefined: first defined in "./Driver/source/DSP2833x_DefaultIsr.obj"; redefined in "./Driver/source/DSP2833x_SWPrioritizedDefaultIsr.obj"
error #10056: symbol "_USER10_ISR" redefined: first defined in "./Driver/source/DSP2833x_DefaultIsr.obj"; redefined in "./Driver/source/DSP2833x_SWPrioritizedDefaultIsr.obj"
error #10056: symbol "_USER7_ISR" redefined: first defined in "./Driver/source/DSP2833x_DefaultIsr.obj"; redefined in "./Driver/source/DSP2833x_SWPrioritizedDefaultIsr.obj"
error #10056: symbol "_XINT1_ISR" redefined: first defined in "./Driver/source/DSP2833x_DefaultIsr.obj"; redefined in "./Driver/source/DSP2833x_SWPrioritizedDefaultIsr.obj"
error #10056: symbol "_ECAP6_INT_ISR" redefined: first defined in "./Driver/source/DSP2833x_DefaultIsr.obj"; redefined in "./Driver/source/DSP2833x_SWPrioritizedDefaultIsr.obj"
error #10056: symbol "_INT14_ISR" redefined: first defined in "./Driver/source/DSP2833x_DefaultIsr.obj"; redefined in "./Driver/source/DSP2833x_SWPrioritizedDefaultIsr.obj"
error #10056: symbol "_MXINTB_ISR" redefined: first defined in "./Driver/source/DSP2833x_DefaultIsr.obj"; redefined in "./Driver/source/DSP2833x_SWPrioritizedDefaultIsr.obj"
error #10056: symbol "_DINTCH5_ISR" redefined: first defined in "./Driver/source/DSP2833x_DefaultIsr.obj"; redefined in "./Driver/source/DSP2833x_SWPrioritizedDefaultIsr.obj"
error #10056: symbol "_USER6_ISR" redefined: first defined in "./Driver/source/DSP2833x_DefaultIsr.obj"; redefined in "./Driver/source/DSP2833x_SWPrioritizedDefaultIsr.obj"
error #10056: symbol "_ECAP4_INT_ISR" redefined: first defined in "./Driver/source/DSP2833x_DefaultIsr.obj"; redefined in "./Driver/source/DSP2833x_SWPrioritizedDefaultIsr.obj"
error #10056: symbol "_MRINTA_ISR" redefined: first defined in "./Driver/source/DSP2833x_DefaultIsr.obj"; redefined in "./Driver/source/DSP2833x_SWPrioritizedDefaultIsr.obj"
error #10056: symbol "_DINTCH6_ISR" redefined: first defined in "./Driver/source/DSP2833x_DefaultIsr.obj"; redefined in "./Driver/source/DSP2833x_SWPrioritizedDefaultIsr.obj"
error #10056: symbol "_USER12_ISR" redefined: first defined in "./Driver/source/DSP2833x_DefaultIsr.obj"; redefined in "./Driver/source/DSP2833x_SWPrioritizedDefaultIsr.obj"
error #10056: symbol "_ADCINT_ISR" redefined: first defined in "./Driver/source/DSP2833x_DefaultIsr.obj"; redefined in "./Driver/source/DSP2833x_SWPrioritizedDefaultIsr.obj"
error #10056: symbol "_USER1_ISR" redefined: first defined in "./Driver/source/DSP2833x_DefaultIsr.obj"; redefined in "./Driver/source/DSP2833x_SWPrioritizedDefaultIsr.obj"
error #10056: symbol "_XINT3_ISR" redefined: first defined in "./Driver/source/DSP2833x_DefaultIsr.obj"; redefined in "./Driver/source/DSP2833x_SWPrioritizedDefaultIsr.obj"
error #10056: symbol "_EPWM5_INT_ISR" redefined: first defined in "./Driver/source/DSP2833x_DefaultIsr.obj"; redefined in "./Driver/source/DSP2833x_SWPrioritizedDefaultIsr.obj"
error #10056: symbol "_NMI_ISR" redefined: first defined in "./Driver/source/DSP2833x_DefaultIsr.obj"; redefined in "./Driver/source/DSP2833x_SWPrioritizedDefaultIsr.obj"
error #10056: symbol "_SCITXINTB_ISR" redefined: first defined in "./Driver/source/DSP2833x_DefaultIsr.obj"; redefined in "./Driver/source/DSP2833x_SWPrioritizedDefaultIsr.obj"
error #10056: symbol "_SCIRXINTB_ISR" redefined: first defined in "./Driver/source/DSP2833x_DefaultIsr.obj"; redefined in "./Driver/source/DSP2833x_SWPrioritizedDefaultIsr.obj"
error #10056: symbol "_ECAN1INTA_ISR" redefined: first defined in "./Driver/source/DSP2833x_DefaultIsr.obj"; redefined in "./Driver/source/DSP2833x_SWPrioritizedDefaultIsr.obj"
error #10056: symbol "_ECAP2_INT_ISR" redefined: first defined in "./Driver/source/DSP2833x_DefaultIsr.obj"; redefined in "./Driver/source/DSP2833x_SWPrioritizedDefaultIsr.obj"
error #10056: symbol "_PIE_RESERVED" redefined: first defined in "./Driver/source/DSP2833x_DefaultIsr.obj"; redefined in "./Driver/source/DSP2833x_SWPrioritizedDefaultIsr.obj"
error #10056: symbol "_I2CINT1A_ISR" redefined: first defined in "./Driver/source/DSP2833x_DefaultIsr.obj"; redefined in "./Driver/source/DSP2833x_SWPrioritizedDefaultIsr.obj"
error #10056: symbol "_XINT2_ISR" redefined: first defined in "./Driver/source/DSP2833x_DefaultIsr.obj"; redefined in "./Driver/source/DSP2833x_SWPrioritizedDefaultIsr.obj"
error #10056: symbol "_I2CINT2A_ISR" redefined: first defined in "./Driver/source/DSP2833x_DefaultIsr.obj"; redefined in "./Driver/source/DSP2833x_SWPrioritizedDefaultIsr.obj"
error #10056: symbol "_SCITXINTC_ISR" redefined: first defined in "./Driver/source/DSP2833x_DefaultIsr.obj"; redefined in "./Driver/source/DSP2833x_SWPrioritizedDefaultIsr.obj"
error #10056: symbol "_SCIRXINTC_ISR" redefined: first defined in "./Driver/source/DSP2833x_DefaultIsr.obj"; redefined in "./Driver/source/DSP2833x_SWPrioritizedDefaultIsr.obj"
error #10056: symbol "_RTOSINT_ISR" redefined: first defined in "./Driver/source/DSP2833x_DefaultIsr.obj"; redefined in "./Driver/source/DSP2833x_SWPrioritizedDefaultIsr.obj"
error #10056: symbol "_EPWM3_INT_ISR" redefined: first defined in "./Driver/source/DSP2833x_DefaultIsr.obj"; redefined in "./Driver/source/DSP2833x_SWPrioritizedDefaultIsr.obj"
error #10056: symbol "_ECAN1INTB_ISR" redefined: first defined in "./Driver/source/DSP2833x_DefaultIsr.obj"; redefined in "./Driver/source/DSP2833x_SWPrioritizedDefaultIsr.obj"
error #10056: symbol "_USER9_ISR" redefined: first defined in "./Driver/source/DSP2833x_DefaultIsr.obj"; redefined in "./Driver/source/DSP2833x_SWPrioritizedDefaultIsr.obj"
error #10056: symbol "_USER3_ISR" redefined: first defined in "./Driver/source/DSP2833x_DefaultIsr.obj"; redefined in "./Driver/source/DSP2833x_SWPrioritizedDefaultIsr.obj"
error #10056: symbol "_EQEP1_INT_ISR" redefined: first defined in "./Driver/source/DSP2833x_DefaultIsr.obj"; redefined in "./Driver/source/DSP2833x_SWPrioritizedDefaultIsr.obj"
error #10056: symbol "_MRINTB_ISR" redefined: first defined in "./Driver/source/DSP2833x_DefaultIsr.obj"; redefined in "./Driver/source/DSP2833x_SWPrioritizedDefaultIsr.obj"
error #10056: symbol "_DINTCH1_ISR" redefined: first defined in "./Driver/source/DSP2833x_DefaultIsr.obj"; redefined in "./Driver/source/DSP2833x_SWPrioritizedDefaultIsr.obj"
error #10056: symbol "_USER8_ISR" redefined: first defined in "./Driver/source/DSP2833x_DefaultIsr.obj"; redefined in "./Driver/source/DSP2833x_SWPrioritizedDefaultIsr.obj"
error #10056: symbol "_EPWM1_INT_ISR" redefined: first defined in "./Driver/source/DSP2833x_DefaultIsr.obj"; redefined in "./Driver/source/DSP2833x_SWPrioritizedDefaultIsr.obj"
error #10056: symbol "_SEQ2INT_ISR" redefined: first defined in "./Driver/source/DSP2833x_DefaultIsr.obj"; redefined in "./Driver/source/DSP2833x_SWPrioritizedDefaultIsr.obj"
error #10056: symbol "_USER2_ISR" redefined: first defined in "./Driver/source/DSP2833x_DefaultIsr.obj"; redefined in "./Driver/source/DSP2833x_SWPrioritizedDefaultIsr.obj"
error #10056: symbol "_LUF_ISR" redefined: first defined in "./Driver/source/DSP2833x_DefaultIsr.obj"; redefined in "./Driver/source/DSP2833x_SWPrioritizedDefaultIsr.obj"
error #10056: symbol "_LVF_ISR" redefined: first defined in "./Driver/source/DSP2833x_DefaultIsr.obj"; redefined in "./Driver/source/DSP2833x_SWPrioritizedDefaultIsr.obj"
error #10056: symbol "_SCITXINTA_ISR" redefined: first defined in "./Driver/source/DSP2833x_DefaultIsr.obj"; redefined in "./Driver/source/DSP2833x_SWPrioritizedDefaultIsr.obj"
error #10056: symbol "_SCIRXINTA_ISR" redefined: first defined in "./Driver/source/DSP2833x_DefaultIsr.obj"; redefined in "./Driver/source/DSP2833x_SWPrioritizedDefaultIsr.obj"
error #10056: symbol "_rsvd_ISR" redefined: first defined in "./Driver/source/DSP2833x_DefaultIsr.obj"; redefined in "./Driver/source/DSP2833x_SWPrioritizedDefaultIsr.obj"
error #10056: symbol "_ECAP5_INT_ISR" redefined: first defined in "./Driver/source/DSP2833x_DefaultIsr.obj"; redefined in "./Driver/source/DSP2833x_SWPrioritizedDefaultIsr.obj"
error #10056: symbol "_DINTCH2_ISR" redefined: first defined in "./Driver/source/DSP2833x_DefaultIsr.obj"; redefined in "./Driver/source/DSP2833x_SWPrioritizedDefaultIsr.obj"
error #10056: symbol "_XINT5_ISR" redefined: first defined in "./Driver/source/DSP2833x_DefaultIsr.obj"; redefined in "./Driver/source/DSP2833x_SWPrioritizedDefaultIsr.obj"
error #10056: symbol "_PieVectTableInit" redefined: first defined in "./Driver/source/DSP2833x_PieVect.obj"; redefined in "./Driver/source/DSP2833x_SWPrioritizedPieVect.obj"
error #10056: symbol "_InitPieVectTable" redefined: first defined in "./Driver/source/DSP2833x_PieVect.obj"; redefined in "./Driver/source/DSP2833x_SWPrioritizedPieVect.obj"
error #10010: errors encountered during linking; "example0.out" not built
 
>> Compilation failure
makefile:170: recipe for target 'example0.out' failed
gmake[1]: *** [example0.out] Error 1
makefile:166: recipe for target 'all' failed
gmake: *** [all] Error 2

**** ??????? ****

****项目 example0 配置 Debug 中的 仅清理的构建****

"D:\\ProgramFiles\\CCS\\ccs\\utils\\bin\\gmake" -k -j 24 clean -O 
 
DEL /F  "example0.out" 
DEL /F "Driver\source\DSP2833x_ADC_cal.obj" "Driver\source\DSP2833x_Adc.obj" "Driver\source\DSP2833x_CSMPasswords.obj" "Driver\source\DSP2833x_CodeStartBranch.obj" "Driver\source\DSP2833x_CpuTimers.obj" "Driver\source\DSP2833x_DBGIER.obj" "Driver\source\DSP2833x_DMA.obj" "Driver\source\DSP2833x_DefaultIsr.obj" "Driver\source\DSP2833x_DisInt.obj" "Driver\source\DSP2833x_ECan.obj" "Driver\source\DSP2833x_ECap.obj" "Driver\source\DSP2833x_EPwm.obj" "Driver\source\DSP2833x_EQep.obj" "Driver\source\DSP2833x_GlobalVariableDefs.obj" "Driver\source\DSP2833x_Gpio.obj" "Driver\source\DSP2833x_I2C.obj" "Driver\source\DSP2833x_Mcbsp.obj" "Driver\source\DSP2833x_MemCopy.obj" "Driver\source\DSP2833x_PieCtrl.obj" "Driver\source\DSP2833x_PieVect.obj" "Driver\source\DSP2833x_SWPrioritizedDefaultIsr.obj" "Driver\source\DSP2833x_SWPrioritizedPieVect.obj" "Driver\source\DSP2833x_Sci.obj" "Driver\source\DSP2833x_Spi.obj" "Driver\source\DSP2833x_SysCtrl.obj" "Driver\source\DSP2833x_Xintf.obj" "Driver\source\DSP2833x_usDelay.obj" 
DEL /F "User\bsp\led.obj" "User\main.obj" 
DEL /F "Driver\source\DSP2833x_Adc.d" "Driver\source\DSP2833x_CpuTimers.d" "Driver\source\DSP2833x_DMA.d" "Driver\source\DSP2833x_DefaultIsr.d" "Driver\source\DSP2833x_ECan.d" "Driver\source\DSP2833x_ECap.d" "Driver\source\DSP2833x_EPwm.d" "Driver\source\DSP2833x_EQep.d" "Driver\source\DSP2833x_GlobalVariableDefs.d" "Driver\source\DSP2833x_Gpio.d" "Driver\source\DSP2833x_I2C.d" "Driver\source\DSP2833x_Mcbsp.d" "Driver\source\DSP2833x_MemCopy.d" "Driver\source\DSP2833x_PieCtrl.d" "Driver\source\DSP2833x_PieVect.d" "Driver\source\DSP2833x_SWPrioritizedDefaultIsr.d" "Driver\source\DSP2833x_SWPrioritizedPieVect.d" "Driver\source\DSP2833x_Sci.d" "Driver\source\DSP2833x_Spi.d" "Driver\source\DSP2833x_SysCtrl.d" "Driver\source\DSP2833x_Xintf.d" "User\bsp\led.d" "User\main.d" 
DEL /F "Driver\source\DSP2833x_ADC_cal.d" "Driver\source\DSP2833x_CSMPasswords.d" "Driver\source\DSP2833x_CodeStartBranch.d" "Driver\source\DSP2833x_DBGIER.d" "Driver\source\DSP2833x_DisInt.d" "Driver\source\DSP2833x_usDelay.d" 
????? C:\Users\30495\Desktop\CCSPro\example0\Debug\example0.out
????? C:\Users\30495\Desktop\CCSPro\example0\Debug\Driver\source\DSP2833x_ADC_cal.d
Finished clean
 

**** ??????? ****

****项目 example0 配置 Debug 中的 构建****

"D:\\ProgramFiles\\CCS\\ccs\\utils\\bin\\gmake" -k -j 24 all -O 
 
Building file: "../Driver/source/DSP2833x_ADC_cal.asm"
正在调用??C2000 Compiler
"D:/ProgramFiles/CCS/ccs/tools/compiler/ti-cgt-c2000_22.6.1.LTS/bin/cl2000" -v28 -ml -mt --float_support=fpu32 --include_path="D:/ProgramFiles/CCS/ccs/tools/compiler/ti-cgt-c2000_22.6.1.LTS/include" --include_path="C:/Users/30495/Desktop/CCSPro/example0/User" --include_path="C:/Users/30495/Desktop/CCSPro/example0/Driver/include" -g --diag_warning=225 --diag_wrap=off --display_error_number --abi=coffabi --preproc_with_compile --preproc_dependency="Driver/source/DSP2833x_ADC_cal.d_raw" --obj_directory="Driver/source"  "../Driver/source/DSP2833x_ADC_cal.asm"
Finished building: "../Driver/source/DSP2833x_ADC_cal.asm"
 
Building file: "../Driver/source/DSP2833x_CSMPasswords.asm"
正在调用??C2000 Compiler
"D:/ProgramFiles/CCS/ccs/tools/compiler/ti-cgt-c2000_22.6.1.LTS/bin/cl2000" -v28 -ml -mt --float_support=fpu32 --include_path="D:/ProgramFiles/CCS/ccs/tools/compiler/ti-cgt-c2000_22.6.1.LTS/include" --include_path="C:/Users/30495/Desktop/CCSPro/example0/User" --include_path="C:/Users/30495/Desktop/CCSPro/example0/Driver/include" -g --diag_warning=225 --diag_wrap=off --display_error_number --abi=coffabi --preproc_with_compile --preproc_dependency="Driver/source/DSP2833x_CSMPasswords.d_raw" --obj_directory="Driver/source"  "../Driver/source/DSP2833x_CSMPasswords.asm"
Finished building: "../Driver/source/DSP2833x_CSMPasswords.asm"
 
Building file: "../Driver/source/DSP2833x_CodeStartBranch.asm"
正在调用??C2000 Compiler
"D:/ProgramFiles/CCS/ccs/tools/compiler/ti-cgt-c2000_22.6.1.LTS/bin/cl2000" -v28 -ml -mt --float_support=fpu32 --include_path="D:/ProgramFiles/CCS/ccs/tools/compiler/ti-cgt-c2000_22.6.1.LTS/include" --include_path="C:/Users/30495/Desktop/CCSPro/example0/User" --include_path="C:/Users/30495/Desktop/CCSPro/example0/Driver/include" -g --diag_warning=225 --diag_wrap=off --display_error_number --abi=coffabi --preproc_with_compile --preproc_dependency="Driver/source/DSP2833x_CodeStartBranch.d_raw" --obj_directory="Driver/source"  "../Driver/source/DSP2833x_CodeStartBranch.asm"
Finished building: "../Driver/source/DSP2833x_CodeStartBranch.asm"
 
Building file: "../Driver/source/DSP2833x_DBGIER.asm"
正在调用??C2000 Compiler
"D:/ProgramFiles/CCS/ccs/tools/compiler/ti-cgt-c2000_22.6.1.LTS/bin/cl2000" -v28 -ml -mt --float_support=fpu32 --include_path="D:/ProgramFiles/CCS/ccs/tools/compiler/ti-cgt-c2000_22.6.1.LTS/include" --include_path="C:/Users/30495/Desktop/CCSPro/example0/User" --include_path="C:/Users/30495/Desktop/CCSPro/example0/Driver/include" -g --diag_warning=225 --diag_wrap=off --display_error_number --abi=coffabi --preproc_with_compile --preproc_dependency="Driver/source/DSP2833x_DBGIER.d_raw" --obj_directory="Driver/source"  "../Driver/source/DSP2833x_DBGIER.asm"
Finished building: "../Driver/source/DSP2833x_DBGIER.asm"
 
Building file: "../Driver/source/DSP2833x_Adc.c"
正在调用??C2000 Compiler
"D:/ProgramFiles/CCS/ccs/tools/compiler/ti-cgt-c2000_22.6.1.LTS/bin/cl2000" -v28 -ml -mt --float_support=fpu32 --include_path="D:/ProgramFiles/CCS/ccs/tools/compiler/ti-cgt-c2000_22.6.1.LTS/include" --include_path="C:/Users/30495/Desktop/CCSPro/example0/User" --include_path="C:/Users/30495/Desktop/CCSPro/example0/Driver/include" -g --diag_warning=225 --diag_wrap=off --display_error_number --abi=coffabi --preproc_with_compile --preproc_dependency="Driver/source/DSP2833x_Adc.d_raw" --obj_directory="Driver/source"  "../Driver/source/DSP2833x_Adc.c"
Finished building: "../Driver/source/DSP2833x_Adc.c"
 
Building file: "../Driver/source/DSP2833x_CpuTimers.c"
正在调用??C2000 Compiler
"D:/ProgramFiles/CCS/ccs/tools/compiler/ti-cgt-c2000_22.6.1.LTS/bin/cl2000" -v28 -ml -mt --float_support=fpu32 --include_path="D:/ProgramFiles/CCS/ccs/tools/compiler/ti-cgt-c2000_22.6.1.LTS/include" --include_path="C:/Users/30495/Desktop/CCSPro/example0/User" --include_path="C:/Users/30495/Desktop/CCSPro/example0/Driver/include" -g --diag_warning=225 --diag_wrap=off --display_error_number --abi=coffabi --preproc_with_compile --preproc_dependency="Driver/source/DSP2833x_CpuTimers.d_raw" --obj_directory="Driver/source"  "../Driver/source/DSP2833x_CpuTimers.c"
Finished building: "../Driver/source/DSP2833x_CpuTimers.c"
 
Building file: "../Driver/source/DSP2833x_DefaultIsr.c"
正在调用??C2000 Compiler
"D:/ProgramFiles/CCS/ccs/tools/compiler/ti-cgt-c2000_22.6.1.LTS/bin/cl2000" -v28 -ml -mt --float_support=fpu32 --include_path="D:/ProgramFiles/CCS/ccs/tools/compiler/ti-cgt-c2000_22.6.1.LTS/include" --include_path="C:/Users/30495/Desktop/CCSPro/example0/User" --include_path="C:/Users/30495/Desktop/CCSPro/example0/Driver/include" -g --diag_warning=225 --diag_wrap=off --display_error_number --abi=coffabi --preproc_with_compile --preproc_dependency="Driver/source/DSP2833x_DefaultIsr.d_raw" --obj_directory="Driver/source"  "../Driver/source/DSP2833x_DefaultIsr.c"
Finished building: "../Driver/source/DSP2833x_DefaultIsr.c"
 
Building file: "../Driver/source/DSP2833x_DisInt.asm"
正在调用??C2000 Compiler
"D:/ProgramFiles/CCS/ccs/tools/compiler/ti-cgt-c2000_22.6.1.LTS/bin/cl2000" -v28 -ml -mt --float_support=fpu32 --include_path="D:/ProgramFiles/CCS/ccs/tools/compiler/ti-cgt-c2000_22.6.1.LTS/include" --include_path="C:/Users/30495/Desktop/CCSPro/example0/User" --include_path="C:/Users/30495/Desktop/CCSPro/example0/Driver/include" -g --diag_warning=225 --diag_wrap=off --display_error_number --abi=coffabi --preproc_with_compile --preproc_dependency="Driver/source/DSP2833x_DisInt.d_raw" --obj_directory="Driver/source"  "../Driver/source/DSP2833x_DisInt.asm"
Finished building: "../Driver/source/DSP2833x_DisInt.asm"
 
Building file: "../Driver/source/DSP2833x_DMA.c"
正在调用??C2000 Compiler
"D:/ProgramFiles/CCS/ccs/tools/compiler/ti-cgt-c2000_22.6.1.LTS/bin/cl2000" -v28 -ml -mt --float_support=fpu32 --include_path="D:/ProgramFiles/CCS/ccs/tools/compiler/ti-cgt-c2000_22.6.1.LTS/include" --include_path="C:/Users/30495/Desktop/CCSPro/example0/User" --include_path="C:/Users/30495/Desktop/CCSPro/example0/Driver/include" -g --diag_warning=225 --diag_wrap=off --display_error_number --abi=coffabi --preproc_with_compile --preproc_dependency="Driver/source/DSP2833x_DMA.d_raw" --obj_directory="Driver/source"  "../Driver/source/DSP2833x_DMA.c"
Finished building: "../Driver/source/DSP2833x_DMA.c"
 
Building file: "../Driver/source/DSP2833x_ECap.c"
正在调用??C2000 Compiler
"D:/ProgramFiles/CCS/ccs/tools/compiler/ti-cgt-c2000_22.6.1.LTS/bin/cl2000" -v28 -ml -mt --float_support=fpu32 --include_path="D:/ProgramFiles/CCS/ccs/tools/compiler/ti-cgt-c2000_22.6.1.LTS/include" --include_path="C:/Users/30495/Desktop/CCSPro/example0/User" --include_path="C:/Users/30495/Desktop/CCSPro/example0/Driver/include" -g --diag_warning=225 --diag_wrap=off --display_error_number --abi=coffabi --preproc_with_compile --preproc_dependency="Driver/source/DSP2833x_ECap.d_raw" --obj_directory="Driver/source"  "../Driver/source/DSP2833x_ECap.c"
Finished building: "../Driver/source/DSP2833x_ECap.c"
 
Building file: "../Driver/source/DSP2833x_EPwm.c"
正在调用??C2000 Compiler
"D:/ProgramFiles/CCS/ccs/tools/compiler/ti-cgt-c2000_22.6.1.LTS/bin/cl2000" -v28 -ml -mt --float_support=fpu32 --include_path="D:/ProgramFiles/CCS/ccs/tools/compiler/ti-cgt-c2000_22.6.1.LTS/include" --include_path="C:/Users/30495/Desktop/CCSPro/example0/User" --include_path="C:/Users/30495/Desktop/CCSPro/example0/Driver/include" -g --diag_warning=225 --diag_wrap=off --display_error_number --abi=coffabi --preproc_with_compile --preproc_dependency="Driver/source/DSP2833x_EPwm.d_raw" --obj_directory="Driver/source"  "../Driver/source/DSP2833x_EPwm.c"
Finished building: "../Driver/source/DSP2833x_EPwm.c"
 
Building file: "../Driver/source/DSP2833x_ECan.c"
正在调用??C2000 Compiler
"D:/ProgramFiles/CCS/ccs/tools/compiler/ti-cgt-c2000_22.6.1.LTS/bin/cl2000" -v28 -ml -mt --float_support=fpu32 --include_path="D:/ProgramFiles/CCS/ccs/tools/compiler/ti-cgt-c2000_22.6.1.LTS/include" --include_path="C:/Users/30495/Desktop/CCSPro/example0/User" --include_path="C:/Users/30495/Desktop/CCSPro/example0/Driver/include" -g --diag_warning=225 --diag_wrap=off --display_error_number --abi=coffabi --preproc_with_compile --preproc_dependency="Driver/source/DSP2833x_ECan.d_raw" --obj_directory="Driver/source"  "../Driver/source/DSP2833x_ECan.c"
Finished building: "../Driver/source/DSP2833x_ECan.c"
 
Building file: "../Driver/source/DSP2833x_EQep.c"
正在调用??C2000 Compiler
"D:/ProgramFiles/CCS/ccs/tools/compiler/ti-cgt-c2000_22.6.1.LTS/bin/cl2000" -v28 -ml -mt --float_support=fpu32 --include_path="D:/ProgramFiles/CCS/ccs/tools/compiler/ti-cgt-c2000_22.6.1.LTS/include" --include_path="C:/Users/30495/Desktop/CCSPro/example0/User" --include_path="C:/Users/30495/Desktop/CCSPro/example0/Driver/include" -g --diag_warning=225 --diag_wrap=off --display_error_number --abi=coffabi --preproc_with_compile --preproc_dependency="Driver/source/DSP2833x_EQep.d_raw" --obj_directory="Driver/source"  "../Driver/source/DSP2833x_EQep.c"
Finished building: "../Driver/source/DSP2833x_EQep.c"
 
Building file: "../Driver/source/DSP2833x_Gpio.c"
正在调用??C2000 Compiler
"D:/ProgramFiles/CCS/ccs/tools/compiler/ti-cgt-c2000_22.6.1.LTS/bin/cl2000" -v28 -ml -mt --float_support=fpu32 --include_path="D:/ProgramFiles/CCS/ccs/tools/compiler/ti-cgt-c2000_22.6.1.LTS/include" --include_path="C:/Users/30495/Desktop/CCSPro/example0/User" --include_path="C:/Users/30495/Desktop/CCSPro/example0/Driver/include" -g --diag_warning=225 --diag_wrap=off --display_error_number --abi=coffabi --preproc_with_compile --preproc_dependency="Driver/source/DSP2833x_Gpio.d_raw" --obj_directory="Driver/source"  "../Driver/source/DSP2833x_Gpio.c"
Finished building: "../Driver/source/DSP2833x_Gpio.c"
 
Building file: "../Driver/source/DSP2833x_I2C.c"
正在调用??C2000 Compiler
"D:/ProgramFiles/CCS/ccs/tools/compiler/ti-cgt-c2000_22.6.1.LTS/bin/cl2000" -v28 -ml -mt --float_support=fpu32 --include_path="D:/ProgramFiles/CCS/ccs/tools/compiler/ti-cgt-c2000_22.6.1.LTS/include" --include_path="C:/Users/30495/Desktop/CCSPro/example0/User" --include_path="C:/Users/30495/Desktop/CCSPro/example0/Driver/include" -g --diag_warning=225 --diag_wrap=off --display_error_number --abi=coffabi --preproc_with_compile --preproc_dependency="Driver/source/DSP2833x_I2C.d_raw" --obj_directory="Driver/source"  "../Driver/source/DSP2833x_I2C.c"
Finished building: "../Driver/source/DSP2833x_I2C.c"
 
Building file: "../Driver/source/DSP2833x_MemCopy.c"
正在调用??C2000 Compiler
"D:/ProgramFiles/CCS/ccs/tools/compiler/ti-cgt-c2000_22.6.1.LTS/bin/cl2000" -v28 -ml -mt --float_support=fpu32 --include_path="D:/ProgramFiles/CCS/ccs/tools/compiler/ti-cgt-c2000_22.6.1.LTS/include" --include_path="C:/Users/30495/Desktop/CCSPro/example0/User" --include_path="C:/Users/30495/Desktop/CCSPro/example0/Driver/include" -g --diag_warning=225 --diag_wrap=off --display_error_number --abi=coffabi --preproc_with_compile --preproc_dependency="Driver/source/DSP2833x_MemCopy.d_raw" --obj_directory="Driver/source"  "../Driver/source/DSP2833x_MemCopy.c"
Finished building: "../Driver/source/DSP2833x_MemCopy.c"
 
Building file: "../Driver/source/DSP2833x_PieCtrl.c"
正在调用??C2000 Compiler
"D:/ProgramFiles/CCS/ccs/tools/compiler/ti-cgt-c2000_22.6.1.LTS/bin/cl2000" -v28 -ml -mt --float_support=fpu32 --include_path="D:/ProgramFiles/CCS/ccs/tools/compiler/ti-cgt-c2000_22.6.1.LTS/include" --include_path="C:/Users/30495/Desktop/CCSPro/example0/User" --include_path="C:/Users/30495/Desktop/CCSPro/example0/Driver/include" -g --diag_warning=225 --diag_wrap=off --display_error_number --abi=coffabi --preproc_with_compile --preproc_dependency="Driver/source/DSP2833x_PieCtrl.d_raw" --obj_directory="Driver/source"  "../Driver/source/DSP2833x_PieCtrl.c"
Finished building: "../Driver/source/DSP2833x_PieCtrl.c"
 
Building file: "../Driver/source/DSP2833x_GlobalVariableDefs.c"
正在调用??C2000 Compiler
"D:/ProgramFiles/CCS/ccs/tools/compiler/ti-cgt-c2000_22.6.1.LTS/bin/cl2000" -v28 -ml -mt --float_support=fpu32 --include_path="D:/ProgramFiles/CCS/ccs/tools/compiler/ti-cgt-c2000_22.6.1.LTS/include" --include_path="C:/Users/30495/Desktop/CCSPro/example0/User" --include_path="C:/Users/30495/Desktop/CCSPro/example0/Driver/include" -g --diag_warning=225 --diag_wrap=off --display_error_number --abi=coffabi --preproc_with_compile --preproc_dependency="Driver/source/DSP2833x_GlobalVariableDefs.d_raw" --obj_directory="Driver/source"  "../Driver/source/DSP2833x_GlobalVariableDefs.c"
Finished building: "../Driver/source/DSP2833x_GlobalVariableDefs.c"
 
Building file: "../Driver/source/DSP2833x_Mcbsp.c"
正在调用??C2000 Compiler
"D:/ProgramFiles/CCS/ccs/tools/compiler/ti-cgt-c2000_22.6.1.LTS/bin/cl2000" -v28 -ml -mt --float_support=fpu32 --include_path="D:/ProgramFiles/CCS/ccs/tools/compiler/ti-cgt-c2000_22.6.1.LTS/include" --include_path="C:/Users/30495/Desktop/CCSPro/example0/User" --include_path="C:/Users/30495/Desktop/CCSPro/example0/Driver/include" -g --diag_warning=225 --diag_wrap=off --display_error_number --abi=coffabi --preproc_with_compile --preproc_dependency="Driver/source/DSP2833x_Mcbsp.d_raw" --obj_directory="Driver/source"  "../Driver/source/DSP2833x_Mcbsp.c"
Finished building: "../Driver/source/DSP2833x_Mcbsp.c"
 
Building file: "../Driver/source/DSP2833x_PieVect.c"
正在调用??C2000 Compiler
"D:/ProgramFiles/CCS/ccs/tools/compiler/ti-cgt-c2000_22.6.1.LTS/bin/cl2000" -v28 -ml -mt --float_support=fpu32 --include_path="D:/ProgramFiles/CCS/ccs/tools/compiler/ti-cgt-c2000_22.6.1.LTS/include" --include_path="C:/Users/30495/Desktop/CCSPro/example0/User" --include_path="C:/Users/30495/Desktop/CCSPro/example0/Driver/include" -g --diag_warning=225 --diag_wrap=off --display_error_number --abi=coffabi --preproc_with_compile --preproc_dependency="Driver/source/DSP2833x_PieVect.d_raw" --obj_directory="Driver/source"  "../Driver/source/DSP2833x_PieVect.c"
Finished building: "../Driver/source/DSP2833x_PieVect.c"
 
Building file: "../Driver/source/DSP2833x_SWPrioritizedPieVect.c"
正在调用??C2000 Compiler
"D:/ProgramFiles/CCS/ccs/tools/compiler/ti-cgt-c2000_22.6.1.LTS/bin/cl2000" -v28 -ml -mt --float_support=fpu32 --include_path="D:/ProgramFiles/CCS/ccs/tools/compiler/ti-cgt-c2000_22.6.1.LTS/include" --include_path="C:/Users/30495/Desktop/CCSPro/example0/User" --include_path="C:/Users/30495/Desktop/CCSPro/example0/Driver/include" -g --diag_warning=225 --diag_wrap=off --display_error_number --abi=coffabi --preproc_with_compile --preproc_dependency="Driver/source/DSP2833x_SWPrioritizedPieVect.d_raw" --obj_directory="Driver/source"  "../Driver/source/DSP2833x_SWPrioritizedPieVect.c"
Finished building: "../Driver/source/DSP2833x_SWPrioritizedPieVect.c"
 
Building file: "../Driver/source/DSP2833x_Sci.c"
正在调用??C2000 Compiler
"D:/ProgramFiles/CCS/ccs/tools/compiler/ti-cgt-c2000_22.6.1.LTS/bin/cl2000" -v28 -ml -mt --float_support=fpu32 --include_path="D:/ProgramFiles/CCS/ccs/tools/compiler/ti-cgt-c2000_22.6.1.LTS/include" --include_path="C:/Users/30495/Desktop/CCSPro/example0/User" --include_path="C:/Users/30495/Desktop/CCSPro/example0/Driver/include" -g --diag_warning=225 --diag_wrap=off --display_error_number --abi=coffabi --preproc_with_compile --preproc_dependency="Driver/source/DSP2833x_Sci.d_raw" --obj_directory="Driver/source"  "../Driver/source/DSP2833x_Sci.c"
Finished building: "../Driver/source/DSP2833x_Sci.c"
 
Building file: "../Driver/source/DSP2833x_Spi.c"
正在调用??C2000 Compiler
"D:/ProgramFiles/CCS/ccs/tools/compiler/ti-cgt-c2000_22.6.1.LTS/bin/cl2000" -v28 -ml -mt --float_support=fpu32 --include_path="D:/ProgramFiles/CCS/ccs/tools/compiler/ti-cgt-c2000_22.6.1.LTS/include" --include_path="C:/Users/30495/Desktop/CCSPro/example0/User" --include_path="C:/Users/30495/Desktop/CCSPro/example0/Driver/include" -g --diag_warning=225 --diag_wrap=off --display_error_number --abi=coffabi --preproc_with_compile --preproc_dependency="Driver/source/DSP2833x_Spi.d_raw" --obj_directory="Driver/source"  "../Driver/source/DSP2833x_Spi.c"
Finished building: "../Driver/source/DSP2833x_Spi.c"
 
Building file: "../Driver/source/DSP2833x_SysCtrl.c"
正在调用??C2000 Compiler
"D:/ProgramFiles/CCS/ccs/tools/compiler/ti-cgt-c2000_22.6.1.LTS/bin/cl2000" -v28 -ml -mt --float_support=fpu32 --include_path="D:/ProgramFiles/CCS/ccs/tools/compiler/ti-cgt-c2000_22.6.1.LTS/include" --include_path="C:/Users/30495/Desktop/CCSPro/example0/User" --include_path="C:/Users/30495/Desktop/CCSPro/example0/Driver/include" -g --diag_warning=225 --diag_wrap=off --display_error_number --abi=coffabi --preproc_with_compile --preproc_dependency="Driver/source/DSP2833x_SysCtrl.d_raw" --obj_directory="Driver/source"  "../Driver/source/DSP2833x_SysCtrl.c"
Finished building: "../Driver/source/DSP2833x_SysCtrl.c"
 
Building file: "../Driver/source/DSP2833x_Xintf.c"
正在调用??C2000 Compiler
"D:/ProgramFiles/CCS/ccs/tools/compiler/ti-cgt-c2000_22.6.1.LTS/bin/cl2000" -v28 -ml -mt --float_support=fpu32 --include_path="D:/ProgramFiles/CCS/ccs/tools/compiler/ti-cgt-c2000_22.6.1.LTS/include" --include_path="C:/Users/30495/Desktop/CCSPro/example0/User" --include_path="C:/Users/30495/Desktop/CCSPro/example0/Driver/include" -g --diag_warning=225 --diag_wrap=off --display_error_number --abi=coffabi --preproc_with_compile --preproc_dependency="Driver/source/DSP2833x_Xintf.d_raw" --obj_directory="Driver/source"  "../Driver/source/DSP2833x_Xintf.c"
Finished building: "../Driver/source/DSP2833x_Xintf.c"
 
Building file: "../Driver/source/DSP2833x_SWPrioritizedDefaultIsr.c"
正在调用??C2000 Compiler
"D:/ProgramFiles/CCS/ccs/tools/compiler/ti-cgt-c2000_22.6.1.LTS/bin/cl2000" -v28 -ml -mt --float_support=fpu32 --include_path="D:/ProgramFiles/CCS/ccs/tools/compiler/ti-cgt-c2000_22.6.1.LTS/include" --include_path="C:/Users/30495/Desktop/CCSPro/example0/User" --include_path="C:/Users/30495/Desktop/CCSPro/example0/Driver/include" -g --diag_warning=225 --diag_wrap=off --display_error_number --abi=coffabi --preproc_with_compile --preproc_dependency="Driver/source/DSP2833x_SWPrioritizedDefaultIsr.d_raw" --obj_directory="Driver/source"  "../Driver/source/DSP2833x_SWPrioritizedDefaultIsr.c"
Finished building: "../Driver/source/DSP2833x_SWPrioritizedDefaultIsr.c"
 
Building file: "../Driver/source/DSP2833x_usDelay.asm"
正在调用??C2000 Compiler
"D:/ProgramFiles/CCS/ccs/tools/compiler/ti-cgt-c2000_22.6.1.LTS/bin/cl2000" -v28 -ml -mt --float_support=fpu32 --include_path="D:/ProgramFiles/CCS/ccs/tools/compiler/ti-cgt-c2000_22.6.1.LTS/include" --include_path="C:/Users/30495/Desktop/CCSPro/example0/User" --include_path="C:/Users/30495/Desktop/CCSPro/example0/Driver/include" -g --diag_warning=225 --diag_wrap=off --display_error_number --abi=coffabi --preproc_with_compile --preproc_dependency="Driver/source/DSP2833x_usDelay.d_raw" --obj_directory="Driver/source"  "../Driver/source/DSP2833x_usDelay.asm"
Finished building: "../Driver/source/DSP2833x_usDelay.asm"
 
Building file: "../User/main.c"
正在调用??C2000 Compiler
"D:/ProgramFiles/CCS/ccs/tools/compiler/ti-cgt-c2000_22.6.1.LTS/bin/cl2000" -v28 -ml -mt --float_support=fpu32 --include_path="D:/ProgramFiles/CCS/ccs/tools/compiler/ti-cgt-c2000_22.6.1.LTS/include" --include_path="C:/Users/30495/Desktop/CCSPro/example0/User" --include_path="C:/Users/30495/Desktop/CCSPro/example0/Driver/include" -g --diag_warning=225 --diag_wrap=off --display_error_number --abi=coffabi --preproc_with_compile --preproc_dependency="User/main.d_raw" --obj_directory="User"  "../User/main.c"
Finished building: "../User/main.c"
 
Building file: "../User/bsp/led.c"
正在调用??C2000 Compiler
"D:/ProgramFiles/CCS/ccs/tools/compiler/ti-cgt-c2000_22.6.1.LTS/bin/cl2000" -v28 -ml -mt --float_support=fpu32 --include_path="D:/ProgramFiles/CCS/ccs/tools/compiler/ti-cgt-c2000_22.6.1.LTS/include" --include_path="C:/Users/30495/Desktop/CCSPro/example0/User" --include_path="C:/Users/30495/Desktop/CCSPro/example0/Driver/include" -g --diag_warning=225 --diag_wrap=off --display_error_number --abi=coffabi --preproc_with_compile --preproc_dependency="User/bsp/led.d_raw" --obj_directory="User/bsp"  "../User/bsp/led.c"
Finished building: "../User/bsp/led.c"
 
Building target: "example0.out"
正在调用??C2000 Linker
"D:/ProgramFiles/CCS/ccs/tools/compiler/ti-cgt-c2000_22.6.1.LTS/bin/cl2000" -v28 -ml -mt --float_support=fpu32 -g --diag_warning=225 --diag_wrap=off --display_error_number --abi=coffabi -z -m"example0.map" --stack_size=0x300 --warn_sections -i"D:/ProgramFiles/CCS/ccs/tools/compiler/ti-cgt-c2000_22.6.1.LTS/lib" -i"D:/ProgramFiles/CCS/ccs/tools/compiler/ti-cgt-c2000_22.6.1.LTS/include" --reread_libs --diag_wrap=off --display_error_number --xml_link_info="example0_linkInfo.xml" --rom_model -o "example0.out" "./Driver/source/DSP2833x_ADC_cal.obj" "./Driver/source/DSP2833x_Adc.obj" "./Driver/source/DSP2833x_CSMPasswords.obj" "./Driver/source/DSP2833x_CodeStartBranch.obj" "./Driver/source/DSP2833x_CpuTimers.obj" "./Driver/source/DSP2833x_DBGIER.obj" "./Driver/source/DSP2833x_DMA.obj" "./Driver/source/DSP2833x_DefaultIsr.obj" "./Driver/source/DSP2833x_DisInt.obj" "./Driver/source/DSP2833x_ECan.obj" "./Driver/source/DSP2833x_ECap.obj" "./Driver/source/DSP2833x_EPwm.obj" "./Driver/source/DSP2833x_EQep.obj" "./Driver/source/DSP2833x_GlobalVariableDefs.obj" "./Driver/source/DSP2833x_Gpio.obj" "./Driver/source/DSP2833x_I2C.obj" "./Driver/source/DSP2833x_Mcbsp.obj" "./Driver/source/DSP2833x_MemCopy.obj" "./Driver/source/DSP2833x_PieCtrl.obj" "./Driver/source/DSP2833x_PieVect.obj" "./Driver/source/DSP2833x_SWPrioritizedDefaultIsr.obj" "./Driver/source/DSP2833x_SWPrioritizedPieVect.obj" "./Driver/source/DSP2833x_Sci.obj" "./Driver/source/DSP2833x_Spi.obj" "./Driver/source/DSP2833x_SysCtrl.obj" "./Driver/source/DSP2833x_Xintf.obj" "./Driver/source/DSP2833x_usDelay.obj" "./User/bsp/led.obj" "./User/main.obj" "../28335_RAM_lnk.cmd" "../DSP2833x_Headers_nonBIOS.cmd"  -llibc.a 
<Linking>
error #10056: symbol "_ILLEGAL_ISR" redefined: first defined in "./Driver/source/DSP2833x_DefaultIsr.obj"; redefined in "./Driver/source/DSP2833x_SWPrioritizedDefaultIsr.obj"
error #10056: symbol "_EPWM6_INT_ISR" redefined: first defined in "./Driver/source/DSP2833x_DefaultIsr.obj"; redefined in "./Driver/source/DSP2833x_SWPrioritizedDefaultIsr.obj"
error #10056: symbol "_DATALOG_ISR" redefined: first defined in "./Driver/source/DSP2833x_DefaultIsr.obj"; redefined in "./Driver/source/DSP2833x_SWPrioritizedDefaultIsr.obj"
error #10056: symbol "_SPITXINTA_ISR" redefined: first defined in "./Driver/source/DSP2833x_DefaultIsr.obj"; redefined in "./Driver/source/DSP2833x_SWPrioritizedDefaultIsr.obj"
error #10056: symbol "_SPIRXINTA_ISR" redefined: first defined in "./Driver/source/DSP2833x_DefaultIsr.obj"; redefined in "./Driver/source/DSP2833x_SWPrioritizedDefaultIsr.obj"
error #10056: symbol "_DINTCH3_ISR" redefined: first defined in "./Driver/source/DSP2833x_DefaultIsr.obj"; redefined in "./Driver/source/DSP2833x_SWPrioritizedDefaultIsr.obj"
error #10056: symbol "_XINT4_ISR" redefined: first defined in "./Driver/source/DSP2833x_DefaultIsr.obj"; redefined in "./Driver/source/DSP2833x_SWPrioritizedDefaultIsr.obj"
error #10056: symbol "_SEQ1INT_ISR" redefined: first defined in "./Driver/source/DSP2833x_DefaultIsr.obj"; redefined in "./Driver/source/DSP2833x_SWPrioritizedDefaultIsr.obj"
error #10056: symbol "_ECAP3_INT_ISR" redefined: first defined in "./Driver/source/DSP2833x_DefaultIsr.obj"; redefined in "./Driver/source/DSP2833x_SWPrioritizedDefaultIsr.obj"
error #10056: symbol "_INT13_ISR" redefined: first defined in "./Driver/source/DSP2833x_DefaultIsr.obj"; redefined in "./Driver/source/DSP2833x_SWPrioritizedDefaultIsr.obj"
error #10056: symbol "_MXINTA_ISR" redefined: first defined in "./Driver/source/DSP2833x_DefaultIsr.obj"; redefined in "./Driver/source/DSP2833x_SWPrioritizedDefaultIsr.obj"
error #10056: symbol "_EPWM4_INT_ISR" redefined: first defined in "./Driver/source/DSP2833x_DefaultIsr.obj"; redefined in "./Driver/source/DSP2833x_SWPrioritizedDefaultIsr.obj"
error #10056: symbol "_USER5_ISR" redefined: first defined in "./Driver/source/DSP2833x_DefaultIsr.obj"; redefined in "./Driver/source/DSP2833x_SWPrioritizedDefaultIsr.obj"
error #10056: symbol "_XINT7_ISR" redefined: first defined in "./Driver/source/DSP2833x_DefaultIsr.obj"; redefined in "./Driver/source/DSP2833x_SWPrioritizedDefaultIsr.obj"
error #10056: symbol "_EPWM5_TZINT_ISR" redefined: first defined in "./Driver/source/DSP2833x_DefaultIsr.obj"; redefined in "./Driver/source/DSP2833x_SWPrioritizedDefaultIsr.obj"
error #10056: symbol "_EPWM4_TZINT_ISR" redefined: first defined in "./Driver/source/DSP2833x_DefaultIsr.obj"; redefined in "./Driver/source/DSP2833x_SWPrioritizedDefaultIsr.obj"
error #10056: symbol "_ECAN0INTA_ISR" redefined: first defined in "./Driver/source/DSP2833x_DefaultIsr.obj"; redefined in "./Driver/source/DSP2833x_SWPrioritizedDefaultIsr.obj"
error #10056: symbol "_EPWM6_TZINT_ISR" redefined: first defined in "./Driver/source/DSP2833x_DefaultIsr.obj"; redefined in "./Driver/source/DSP2833x_SWPrioritizedDefaultIsr.obj"
error #10056: symbol "_EMUINT_ISR" redefined: first defined in "./Driver/source/DSP2833x_DefaultIsr.obj"; redefined in "./Driver/source/DSP2833x_SWPrioritizedDefaultIsr.obj"
error #10056: symbol "_ECAP1_INT_ISR" redefined: first defined in "./Driver/source/DSP2833x_DefaultIsr.obj"; redefined in "./Driver/source/DSP2833x_SWPrioritizedDefaultIsr.obj"
error #10056: symbol "_EPWM1_TZINT_ISR" redefined: first defined in "./Driver/source/DSP2833x_DefaultIsr.obj"; redefined in "./Driver/source/DSP2833x_SWPrioritizedDefaultIsr.obj"
error #10056: symbol "_EQEP2_INT_ISR" redefined: first defined in "./Driver/source/DSP2833x_DefaultIsr.obj"; redefined in "./Driver/source/DSP2833x_SWPrioritizedDefaultIsr.obj"
error #10056: symbol "_USER11_ISR" redefined: first defined in "./Driver/source/DSP2833x_DefaultIsr.obj"; redefined in "./Driver/source/DSP2833x_SWPrioritizedDefaultIsr.obj"
error #10056: symbol "_EPWM3_TZINT_ISR" redefined: first defined in "./Driver/source/DSP2833x_DefaultIsr.obj"; redefined in "./Driver/source/DSP2833x_SWPrioritizedDefaultIsr.obj"
error #10056: symbol "_USER4_ISR" redefined: first defined in "./Driver/source/DSP2833x_DefaultIsr.obj"; redefined in "./Driver/source/DSP2833x_SWPrioritizedDefaultIsr.obj"
error #10056: symbol "_EPWM2_TZINT_ISR" redefined: first defined in "./Driver/source/DSP2833x_DefaultIsr.obj"; redefined in "./Driver/source/DSP2833x_SWPrioritizedDefaultIsr.obj"
error #10056: symbol "_XINT6_ISR" redefined: first defined in "./Driver/source/DSP2833x_DefaultIsr.obj"; redefined in "./Driver/source/DSP2833x_SWPrioritizedDefaultIsr.obj"
error #10056: symbol "_EPWM2_INT_ISR" redefined: first defined in "./Driver/source/DSP2833x_DefaultIsr.obj"; redefined in "./Driver/source/DSP2833x_SWPrioritizedDefaultIsr.obj"
error #10056: symbol "_ECAN0INTB_ISR" redefined: first defined in "./Driver/source/DSP2833x_DefaultIsr.obj"; redefined in "./Driver/source/DSP2833x_SWPrioritizedDefaultIsr.obj"
error #10056: symbol "_TINT0_ISR" redefined: first defined in "./Driver/source/DSP2833x_DefaultIsr.obj"; redefined in "./Driver/source/DSP2833x_SWPrioritizedDefaultIsr.obj"
error #10056: symbol "_WAKEINT_ISR" redefined: first defined in "./Driver/source/DSP2833x_DefaultIsr.obj"; redefined in "./Driver/source/DSP2833x_SWPrioritizedDefaultIsr.obj"
error #10056: symbol "_DINTCH4_ISR" redefined: first defined in "./Driver/source/DSP2833x_DefaultIsr.obj"; redefined in "./Driver/source/DSP2833x_SWPrioritizedDefaultIsr.obj"
error #10056: symbol "_USER10_ISR" redefined: first defined in "./Driver/source/DSP2833x_DefaultIsr.obj"; redefined in "./Driver/source/DSP2833x_SWPrioritizedDefaultIsr.obj"
error #10056: symbol "_USER7_ISR" redefined: first defined in "./Driver/source/DSP2833x_DefaultIsr.obj"; redefined in "./Driver/source/DSP2833x_SWPrioritizedDefaultIsr.obj"
error #10056: symbol "_XINT1_ISR" redefined: first defined in "./Driver/source/DSP2833x_DefaultIsr.obj"; redefined in "./Driver/source/DSP2833x_SWPrioritizedDefaultIsr.obj"
error #10056: symbol "_ECAP6_INT_ISR" redefined: first defined in "./Driver/source/DSP2833x_DefaultIsr.obj"; redefined in "./Driver/source/DSP2833x_SWPrioritizedDefaultIsr.obj"
error #10056: symbol "_INT14_ISR" redefined: first defined in "./Driver/source/DSP2833x_DefaultIsr.obj"; redefined in "./Driver/source/DSP2833x_SWPrioritizedDefaultIsr.obj"
error #10056: symbol "_MXINTB_ISR" redefined: first defined in "./Driver/source/DSP2833x_DefaultIsr.obj"; redefined in "./Driver/source/DSP2833x_SWPrioritizedDefaultIsr.obj"
error #10056: symbol "_DINTCH5_ISR" redefined: first defined in "./Driver/source/DSP2833x_DefaultIsr.obj"; redefined in "./Driver/source/DSP2833x_SWPrioritizedDefaultIsr.obj"
error #10056: symbol "_USER6_ISR" redefined: first defined in "./Driver/source/DSP2833x_DefaultIsr.obj"; redefined in "./Driver/source/DSP2833x_SWPrioritizedDefaultIsr.obj"
error #10056: symbol "_ECAP4_INT_ISR" redefined: first defined in "./Driver/source/DSP2833x_DefaultIsr.obj"; redefined in "./Driver/source/DSP2833x_SWPrioritizedDefaultIsr.obj"
error #10056: symbol "_MRINTA_ISR" redefined: first defined in "./Driver/source/DSP2833x_DefaultIsr.obj"; redefined in "./Driver/source/DSP2833x_SWPrioritizedDefaultIsr.obj"
error #10056: symbol "_DINTCH6_ISR" redefined: first defined in "./Driver/source/DSP2833x_DefaultIsr.obj"; redefined in "./Driver/source/DSP2833x_SWPrioritizedDefaultIsr.obj"
error #10056: symbol "_USER12_ISR" redefined: first defined in "./Driver/source/DSP2833x_DefaultIsr.obj"; redefined in "./Driver/source/DSP2833x_SWPrioritizedDefaultIsr.obj"
error #10056: symbol "_ADCINT_ISR" redefined: first defined in "./Driver/source/DSP2833x_DefaultIsr.obj"; redefined in "./Driver/source/DSP2833x_SWPrioritizedDefaultIsr.obj"
error #10056: symbol "_USER1_ISR" redefined: first defined in "./Driver/source/DSP2833x_DefaultIsr.obj"; redefined in "./Driver/source/DSP2833x_SWPrioritizedDefaultIsr.obj"
error #10056: symbol "_XINT3_ISR" redefined: first defined in "./Driver/source/DSP2833x_DefaultIsr.obj"; redefined in "./Driver/source/DSP2833x_SWPrioritizedDefaultIsr.obj"
error #10056: symbol "_EPWM5_INT_ISR" redefined: first defined in "./Driver/source/DSP2833x_DefaultIsr.obj"; redefined in "./Driver/source/DSP2833x_SWPrioritizedDefaultIsr.obj"
error #10056: symbol "_NMI_ISR" redefined: first defined in "./Driver/source/DSP2833x_DefaultIsr.obj"; redefined in "./Driver/source/DSP2833x_SWPrioritizedDefaultIsr.obj"
error #10056: symbol "_SCITXINTB_ISR" redefined: first defined in "./Driver/source/DSP2833x_DefaultIsr.obj"; redefined in "./Driver/source/DSP2833x_SWPrioritizedDefaultIsr.obj"
error #10056: symbol "_SCIRXINTB_ISR" redefined: first defined in "./Driver/source/DSP2833x_DefaultIsr.obj"; redefined in "./Driver/source/DSP2833x_SWPrioritizedDefaultIsr.obj"
error #10056: symbol "_ECAN1INTA_ISR" redefined: first defined in "./Driver/source/DSP2833x_DefaultIsr.obj"; redefined in "./Driver/source/DSP2833x_SWPrioritizedDefaultIsr.obj"
error #10056: symbol "_ECAP2_INT_ISR" redefined: first defined in "./Driver/source/DSP2833x_DefaultIsr.obj"; redefined in "./Driver/source/DSP2833x_SWPrioritizedDefaultIsr.obj"
error #10056: symbol "_PIE_RESERVED" redefined: first defined in "./Driver/source/DSP2833x_DefaultIsr.obj"; redefined in "./Driver/source/DSP2833x_SWPrioritizedDefaultIsr.obj"
error #10056: symbol "_I2CINT1A_ISR" redefined: first defined in "./Driver/source/DSP2833x_DefaultIsr.obj"; redefined in "./Driver/source/DSP2833x_SWPrioritizedDefaultIsr.obj"
error #10056: symbol "_XINT2_ISR" redefined: first defined in "./Driver/source/DSP2833x_DefaultIsr.obj"; redefined in "./Driver/source/DSP2833x_SWPrioritizedDefaultIsr.obj"
error #10056: symbol "_I2CINT2A_ISR" redefined: first defined in "./Driver/source/DSP2833x_DefaultIsr.obj"; redefined in "./Driver/source/DSP2833x_SWPrioritizedDefaultIsr.obj"
error #10056: symbol "_SCITXINTC_ISR" redefined: first defined in "./Driver/source/DSP2833x_DefaultIsr.obj"; redefined in "./Driver/source/DSP2833x_SWPrioritizedDefaultIsr.obj"
error #10056: symbol "_SCIRXINTC_ISR" redefined: first defined in "./Driver/source/DSP2833x_DefaultIsr.obj"; redefined in "./Driver/source/DSP2833x_SWPrioritizedDefaultIsr.obj"
error #10056: symbol "_RTOSINT_ISR" redefined: first defined in "./Driver/source/DSP2833x_DefaultIsr.obj"; redefined in "./Driver/source/DSP2833x_SWPrioritizedDefaultIsr.obj"
error #10056: symbol "_EPWM3_INT_ISR" redefined: first defined in "./Driver/source/DSP2833x_DefaultIsr.obj"; redefined in "./Driver/source/DSP2833x_SWPrioritizedDefaultIsr.obj"
error #10056: symbol "_ECAN1INTB_ISR" redefined: first defined in "./Driver/source/DSP2833x_DefaultIsr.obj"; redefined in "./Driver/source/DSP2833x_SWPrioritizedDefaultIsr.obj"
error #10056: symbol "_USER9_ISR" redefined: first defined in "./Driver/source/DSP2833x_DefaultIsr.obj"; redefined in "./Driver/source/DSP2833x_SWPrioritizedDefaultIsr.obj"
error #10056: symbol "_USER3_ISR" redefined: first defined in "./Driver/source/DSP2833x_DefaultIsr.obj"; redefined in "./Driver/source/DSP2833x_SWPrioritizedDefaultIsr.obj"
error #10056: symbol "_EQEP1_INT_ISR" redefined: first defined in "./Driver/source/DSP2833x_DefaultIsr.obj"; redefined in "./Driver/source/DSP2833x_SWPrioritizedDefaultIsr.obj"
error #10056: symbol "_MRINTB_ISR" redefined: first defined in "./Driver/source/DSP2833x_DefaultIsr.obj"; redefined in "./Driver/source/DSP2833x_SWPrioritizedDefaultIsr.obj"
error #10056: symbol "_DINTCH1_ISR" redefined: first defined in "./Driver/source/DSP2833x_DefaultIsr.obj"; redefined in "./Driver/source/DSP2833x_SWPrioritizedDefaultIsr.obj"
error #10056: symbol "_USER8_ISR" redefined: first defined in "./Driver/source/DSP2833x_DefaultIsr.obj"; redefined in "./Driver/source/DSP2833x_SWPrioritizedDefaultIsr.obj"
error #10056: symbol "_EPWM1_INT_ISR" redefined: first defined in "./Driver/source/DSP2833x_DefaultIsr.obj"; redefined in "./Driver/source/DSP2833x_SWPrioritizedDefaultIsr.obj"
error #10056: symbol "_SEQ2INT_ISR" redefined: first defined in "./Driver/source/DSP2833x_DefaultIsr.obj"; redefined in "./Driver/source/DSP2833x_SWPrioritizedDefaultIsr.obj"
error #10056: symbol "_USER2_ISR" redefined: first defined in "./Driver/source/DSP2833x_DefaultIsr.obj"; redefined in "./Driver/source/DSP2833x_SWPrioritizedDefaultIsr.obj"
error #10056: symbol "_LUF_ISR" redefined: first defined in "./Driver/source/DSP2833x_DefaultIsr.obj"; redefined in "./Driver/source/DSP2833x_SWPrioritizedDefaultIsr.obj"
error #10056: symbol "_LVF_ISR" redefined: first defined in "./Driver/source/DSP2833x_DefaultIsr.obj"; redefined in "./Driver/source/DSP2833x_SWPrioritizedDefaultIsr.obj"
error #10056: symbol "_SCITXINTA_ISR" redefined: first defined in "./Driver/source/DSP2833x_DefaultIsr.obj"; redefined in "./Driver/source/DSP2833x_SWPrioritizedDefaultIsr.obj"
error #10056: symbol "_SCIRXINTA_ISR" redefined: first defined in "./Driver/source/DSP2833x_DefaultIsr.obj"; redefined in "./Driver/source/DSP2833x_SWPrioritizedDefaultIsr.obj"
error #10056: symbol "_rsvd_ISR" redefined: first defined in "./Driver/source/DSP2833x_DefaultIsr.obj"; redefined in "./Driver/source/DSP2833x_SWPrioritizedDefaultIsr.obj"
error #10056: symbol "_ECAP5_INT_ISR" redefined: first defined in "./Driver/source/DSP2833x_DefaultIsr.obj"; redefined in "./Driver/source/DSP2833x_SWPrioritizedDefaultIsr.obj"
error #10056: symbol "_DINTCH2_ISR" redefined: first defined in "./Driver/source/DSP2833x_DefaultIsr.obj"; redefined in "./Driver/source/DSP2833x_SWPrioritizedDefaultIsr.obj"
error #10056: symbol "_XINT5_ISR" redefined: first defined in "./Driver/source/DSP2833x_DefaultIsr.obj"; redefined in "./Driver/source/DSP2833x_SWPrioritizedDefaultIsr.obj"
error #10056: symbol "_PieVectTableInit" redefined: first defined in "./Driver/source/DSP2833x_PieVect.obj"; redefined in "./Driver/source/DSP2833x_SWPrioritizedPieVect.obj"
error #10056: symbol "_InitPieVectTable" redefined: first defined in "./Driver/source/DSP2833x_PieVect.obj"; redefined in "./Driver/source/DSP2833x_SWPrioritizedPieVect.obj"
error #10010: errors encountered during linking; "example0.out" not built
 
>> Compilation failure
makefile:170: recipe for target 'example0.out' failed
gmake[1]: *** [example0.out] Error 1
makefile:166: recipe for target 'all' failed
gmake: *** [all] Error 2

**** ??????? ****

****项目 example0 配置 Debug 中的 构建****

"D:\\ProgramFiles\\CCS\\ccs\\utils\\bin\\gmake" -k -j 24 all -O 
 
Building target: "example0.out"
正在调用??C2000 Linker
"D:/ProgramFiles/CCS/ccs/tools/compiler/ti-cgt-c2000_22.6.1.LTS/bin/cl2000" -v28 -ml -mt --float_support=fpu32 -g --diag_warning=225 --diag_wrap=off --display_error_number --abi=coffabi -z -m"example0.map" --stack_size=0x300 --warn_sections -i"D:/ProgramFiles/CCS/ccs/tools/compiler/ti-cgt-c2000_22.6.1.LTS/lib" -i"D:/ProgramFiles/CCS/ccs/tools/compiler/ti-cgt-c2000_22.6.1.LTS/include" --reread_libs --diag_wrap=off --display_error_number --xml_link_info="example0_linkInfo.xml" --rom_model -o "example0.out" "./Driver/source/DSP2833x_ADC_cal.obj" "./Driver/source/DSP2833x_Adc.obj" "./Driver/source/DSP2833x_CSMPasswords.obj" "./Driver/source/DSP2833x_CodeStartBranch.obj" "./Driver/source/DSP2833x_CpuTimers.obj" "./Driver/source/DSP2833x_DBGIER.obj" "./Driver/source/DSP2833x_DMA.obj" "./Driver/source/DSP2833x_DefaultIsr.obj" "./Driver/source/DSP2833x_DisInt.obj" "./Driver/source/DSP2833x_ECan.obj" "./Driver/source/DSP2833x_ECap.obj" "./Driver/source/DSP2833x_EPwm.obj" "./Driver/source/DSP2833x_EQep.obj" "./Driver/source/DSP2833x_GlobalVariableDefs.obj" "./Driver/source/DSP2833x_Gpio.obj" "./Driver/source/DSP2833x_I2C.obj" "./Driver/source/DSP2833x_Mcbsp.obj" "./Driver/source/DSP2833x_MemCopy.obj" "./Driver/source/DSP2833x_PieCtrl.obj" "./Driver/source/DSP2833x_PieVect.obj" "./Driver/source/DSP2833x_SWPrioritizedDefaultIsr.obj" "./Driver/source/DSP2833x_SWPrioritizedPieVect.obj" "./Driver/source/DSP2833x_Sci.obj" "./Driver/source/DSP2833x_Spi.obj" "./Driver/source/DSP2833x_SysCtrl.obj" "./Driver/source/DSP2833x_Xintf.obj" "./Driver/source/DSP2833x_usDelay.obj" "./User/bsp/led.obj" "./User/main.obj" "../28335_RAM_lnk.cmd" "../DSP2833x_Headers_nonBIOS.cmd"  -llibc.a 
<Linking>
error #10056: symbol "_ILLEGAL_ISR" redefined: first defined in "./Driver/source/DSP2833x_DefaultIsr.obj"; redefined in "./Driver/source/DSP2833x_SWPrioritizedDefaultIsr.obj"
error #10056: symbol "_EPWM6_INT_ISR" redefined: first defined in "./Driver/source/DSP2833x_DefaultIsr.obj"; redefined in "./Driver/source/DSP2833x_SWPrioritizedDefaultIsr.obj"
error #10056: symbol "_DATALOG_ISR" redefined: first defined in "./Driver/source/DSP2833x_DefaultIsr.obj"; redefined in "./Driver/source/DSP2833x_SWPrioritizedDefaultIsr.obj"
error #10056: symbol "_SPITXINTA_ISR" redefined: first defined in "./Driver/source/DSP2833x_DefaultIsr.obj"; redefined in "./Driver/source/DSP2833x_SWPrioritizedDefaultIsr.obj"
error #10056: symbol "_SPIRXINTA_ISR" redefined: first defined in "./Driver/source/DSP2833x_DefaultIsr.obj"; redefined in "./Driver/source/DSP2833x_SWPrioritizedDefaultIsr.obj"
error #10056: symbol "_DINTCH3_ISR" redefined: first defined in "./Driver/source/DSP2833x_DefaultIsr.obj"; redefined in "./Driver/source/DSP2833x_SWPrioritizedDefaultIsr.obj"
error #10056: symbol "_XINT4_ISR" redefined: first defined in "./Driver/source/DSP2833x_DefaultIsr.obj"; redefined in "./Driver/source/DSP2833x_SWPrioritizedDefaultIsr.obj"
error #10056: symbol "_SEQ1INT_ISR" redefined: first defined in "./Driver/source/DSP2833x_DefaultIsr.obj"; redefined in "./Driver/source/DSP2833x_SWPrioritizedDefaultIsr.obj"
error #10056: symbol "_ECAP3_INT_ISR" redefined: first defined in "./Driver/source/DSP2833x_DefaultIsr.obj"; redefined in "./Driver/source/DSP2833x_SWPrioritizedDefaultIsr.obj"
error #10056: symbol "_INT13_ISR" redefined: first defined in "./Driver/source/DSP2833x_DefaultIsr.obj"; redefined in "./Driver/source/DSP2833x_SWPrioritizedDefaultIsr.obj"
error #10056: symbol "_MXINTA_ISR" redefined: first defined in "./Driver/source/DSP2833x_DefaultIsr.obj"; redefined in "./Driver/source/DSP2833x_SWPrioritizedDefaultIsr.obj"
error #10056: symbol "_EPWM4_INT_ISR" redefined: first defined in "./Driver/source/DSP2833x_DefaultIsr.obj"; redefined in "./Driver/source/DSP2833x_SWPrioritizedDefaultIsr.obj"
error #10056: symbol "_USER5_ISR" redefined: first defined in "./Driver/source/DSP2833x_DefaultIsr.obj"; redefined in "./Driver/source/DSP2833x_SWPrioritizedDefaultIsr.obj"
error #10056: symbol "_XINT7_ISR" redefined: first defined in "./Driver/source/DSP2833x_DefaultIsr.obj"; redefined in "./Driver/source/DSP2833x_SWPrioritizedDefaultIsr.obj"
error #10056: symbol "_EPWM5_TZINT_ISR" redefined: first defined in "./Driver/source/DSP2833x_DefaultIsr.obj"; redefined in "./Driver/source/DSP2833x_SWPrioritizedDefaultIsr.obj"
error #10056: symbol "_EPWM4_TZINT_ISR" redefined: first defined in "./Driver/source/DSP2833x_DefaultIsr.obj"; redefined in "./Driver/source/DSP2833x_SWPrioritizedDefaultIsr.obj"
error #10056: symbol "_ECAN0INTA_ISR" redefined: first defined in "./Driver/source/DSP2833x_DefaultIsr.obj"; redefined in "./Driver/source/DSP2833x_SWPrioritizedDefaultIsr.obj"
error #10056: symbol "_EPWM6_TZINT_ISR" redefined: first defined in "./Driver/source/DSP2833x_DefaultIsr.obj"; redefined in "./Driver/source/DSP2833x_SWPrioritizedDefaultIsr.obj"
error #10056: symbol "_EMUINT_ISR" redefined: first defined in "./Driver/source/DSP2833x_DefaultIsr.obj"; redefined in "./Driver/source/DSP2833x_SWPrioritizedDefaultIsr.obj"
error #10056: symbol "_ECAP1_INT_ISR" redefined: first defined in "./Driver/source/DSP2833x_DefaultIsr.obj"; redefined in "./Driver/source/DSP2833x_SWPrioritizedDefaultIsr.obj"
error #10056: symbol "_EPWM1_TZINT_ISR" redefined: first defined in "./Driver/source/DSP2833x_DefaultIsr.obj"; redefined in "./Driver/source/DSP2833x_SWPrioritizedDefaultIsr.obj"
error #10056: symbol "_EQEP2_INT_ISR" redefined: first defined in "./Driver/source/DSP2833x_DefaultIsr.obj"; redefined in "./Driver/source/DSP2833x_SWPrioritizedDefaultIsr.obj"
error #10056: symbol "_USER11_ISR" redefined: first defined in "./Driver/source/DSP2833x_DefaultIsr.obj"; redefined in "./Driver/source/DSP2833x_SWPrioritizedDefaultIsr.obj"
error #10056: symbol "_EPWM3_TZINT_ISR" redefined: first defined in "./Driver/source/DSP2833x_DefaultIsr.obj"; redefined in "./Driver/source/DSP2833x_SWPrioritizedDefaultIsr.obj"
error #10056: symbol "_USER4_ISR" redefined: first defined in "./Driver/source/DSP2833x_DefaultIsr.obj"; redefined in "./Driver/source/DSP2833x_SWPrioritizedDefaultIsr.obj"
error #10056: symbol "_EPWM2_TZINT_ISR" redefined: first defined in "./Driver/source/DSP2833x_DefaultIsr.obj"; redefined in "./Driver/source/DSP2833x_SWPrioritizedDefaultIsr.obj"
error #10056: symbol "_XINT6_ISR" redefined: first defined in "./Driver/source/DSP2833x_DefaultIsr.obj"; redefined in "./Driver/source/DSP2833x_SWPrioritizedDefaultIsr.obj"
error #10056: symbol "_EPWM2_INT_ISR" redefined: first defined in "./Driver/source/DSP2833x_DefaultIsr.obj"; redefined in "./Driver/source/DSP2833x_SWPrioritizedDefaultIsr.obj"
error #10056: symbol "_ECAN0INTB_ISR" redefined: first defined in "./Driver/source/DSP2833x_DefaultIsr.obj"; redefined in "./Driver/source/DSP2833x_SWPrioritizedDefaultIsr.obj"
error #10056: symbol "_TINT0_ISR" redefined: first defined in "./Driver/source/DSP2833x_DefaultIsr.obj"; redefined in "./Driver/source/DSP2833x_SWPrioritizedDefaultIsr.obj"
error #10056: symbol "_WAKEINT_ISR" redefined: first defined in "./Driver/source/DSP2833x_DefaultIsr.obj"; redefined in "./Driver/source/DSP2833x_SWPrioritizedDefaultIsr.obj"
error #10056: symbol "_DINTCH4_ISR" redefined: first defined in "./Driver/source/DSP2833x_DefaultIsr.obj"; redefined in "./Driver/source/DSP2833x_SWPrioritizedDefaultIsr.obj"
error #10056: symbol "_USER10_ISR" redefined: first defined in "./Driver/source/DSP2833x_DefaultIsr.obj"; redefined in "./Driver/source/DSP2833x_SWPrioritizedDefaultIsr.obj"
error #10056: symbol "_USER7_ISR" redefined: first defined in "./Driver/source/DSP2833x_DefaultIsr.obj"; redefined in "./Driver/source/DSP2833x_SWPrioritizedDefaultIsr.obj"
error #10056: symbol "_XINT1_ISR" redefined: first defined in "./Driver/source/DSP2833x_DefaultIsr.obj"; redefined in "./Driver/source/DSP2833x_SWPrioritizedDefaultIsr.obj"
error #10056: symbol "_ECAP6_INT_ISR" redefined: first defined in "./Driver/source/DSP2833x_DefaultIsr.obj"; redefined in "./Driver/source/DSP2833x_SWPrioritizedDefaultIsr.obj"
error #10056: symbol "_INT14_ISR" redefined: first defined in "./Driver/source/DSP2833x_DefaultIsr.obj"; redefined in "./Driver/source/DSP2833x_SWPrioritizedDefaultIsr.obj"
error #10056: symbol "_MXINTB_ISR" redefined: first defined in "./Driver/source/DSP2833x_DefaultIsr.obj"; redefined in "./Driver/source/DSP2833x_SWPrioritizedDefaultIsr.obj"
error #10056: symbol "_DINTCH5_ISR" redefined: first defined in "./Driver/source/DSP2833x_DefaultIsr.obj"; redefined in "./Driver/source/DSP2833x_SWPrioritizedDefaultIsr.obj"
error #10056: symbol "_USER6_ISR" redefined: first defined in "./Driver/source/DSP2833x_DefaultIsr.obj"; redefined in "./Driver/source/DSP2833x_SWPrioritizedDefaultIsr.obj"
error #10056: symbol "_ECAP4_INT_ISR" redefined: first defined in "./Driver/source/DSP2833x_DefaultIsr.obj"; redefined in "./Driver/source/DSP2833x_SWPrioritizedDefaultIsr.obj"
error #10056: symbol "_MRINTA_ISR" redefined: first defined in "./Driver/source/DSP2833x_DefaultIsr.obj"; redefined in "./Driver/source/DSP2833x_SWPrioritizedDefaultIsr.obj"
error #10056: symbol "_DINTCH6_ISR" redefined: first defined in "./Driver/source/DSP2833x_DefaultIsr.obj"; redefined in "./Driver/source/DSP2833x_SWPrioritizedDefaultIsr.obj"
error #10056: symbol "_USER12_ISR" redefined: first defined in "./Driver/source/DSP2833x_DefaultIsr.obj"; redefined in "./Driver/source/DSP2833x_SWPrioritizedDefaultIsr.obj"
error #10056: symbol "_ADCINT_ISR" redefined: first defined in "./Driver/source/DSP2833x_DefaultIsr.obj"; redefined in "./Driver/source/DSP2833x_SWPrioritizedDefaultIsr.obj"
error #10056: symbol "_USER1_ISR" redefined: first defined in "./Driver/source/DSP2833x_DefaultIsr.obj"; redefined in "./Driver/source/DSP2833x_SWPrioritizedDefaultIsr.obj"
error #10056: symbol "_XINT3_ISR" redefined: first defined in "./Driver/source/DSP2833x_DefaultIsr.obj"; redefined in "./Driver/source/DSP2833x_SWPrioritizedDefaultIsr.obj"
error #10056: symbol "_EPWM5_INT_ISR" redefined: first defined in "./Driver/source/DSP2833x_DefaultIsr.obj"; redefined in "./Driver/source/DSP2833x_SWPrioritizedDefaultIsr.obj"
error #10056: symbol "_NMI_ISR" redefined: first defined in "./Driver/source/DSP2833x_DefaultIsr.obj"; redefined in "./Driver/source/DSP2833x_SWPrioritizedDefaultIsr.obj"
error #10056: symbol "_SCITXINTB_ISR" redefined: first defined in "./Driver/source/DSP2833x_DefaultIsr.obj"; redefined in "./Driver/source/DSP2833x_SWPrioritizedDefaultIsr.obj"
error #10056: symbol "_SCIRXINTB_ISR" redefined: first defined in "./Driver/source/DSP2833x_DefaultIsr.obj"; redefined in "./Driver/source/DSP2833x_SWPrioritizedDefaultIsr.obj"
error #10056: symbol "_ECAN1INTA_ISR" redefined: first defined in "./Driver/source/DSP2833x_DefaultIsr.obj"; redefined in "./Driver/source/DSP2833x_SWPrioritizedDefaultIsr.obj"
error #10056: symbol "_ECAP2_INT_ISR" redefined: first defined in "./Driver/source/DSP2833x_DefaultIsr.obj"; redefined in "./Driver/source/DSP2833x_SWPrioritizedDefaultIsr.obj"
error #10056: symbol "_PIE_RESERVED" redefined: first defined in "./Driver/source/DSP2833x_DefaultIsr.obj"; redefined in "./Driver/source/DSP2833x_SWPrioritizedDefaultIsr.obj"
error #10056: symbol "_I2CINT1A_ISR" redefined: first defined in "./Driver/source/DSP2833x_DefaultIsr.obj"; redefined in "./Driver/source/DSP2833x_SWPrioritizedDefaultIsr.obj"
error #10056: symbol "_XINT2_ISR" redefined: first defined in "./Driver/source/DSP2833x_DefaultIsr.obj"; redefined in "./Driver/source/DSP2833x_SWPrioritizedDefaultIsr.obj"
error #10056: symbol "_I2CINT2A_ISR" redefined: first defined in "./Driver/source/DSP2833x_DefaultIsr.obj"; redefined in "./Driver/source/DSP2833x_SWPrioritizedDefaultIsr.obj"
error #10056: symbol "_SCITXINTC_ISR" redefined: first defined in "./Driver/source/DSP2833x_DefaultIsr.obj"; redefined in "./Driver/source/DSP2833x_SWPrioritizedDefaultIsr.obj"
error #10056: symbol "_SCIRXINTC_ISR" redefined: first defined in "./Driver/source/DSP2833x_DefaultIsr.obj"; redefined in "./Driver/source/DSP2833x_SWPrioritizedDefaultIsr.obj"
error #10056: symbol "_RTOSINT_ISR" redefined: first defined in "./Driver/source/DSP2833x_DefaultIsr.obj"; redefined in "./Driver/source/DSP2833x_SWPrioritizedDefaultIsr.obj"
error #10056: symbol "_EPWM3_INT_ISR" redefined: first defined in "./Driver/source/DSP2833x_DefaultIsr.obj"; redefined in "./Driver/source/DSP2833x_SWPrioritizedDefaultIsr.obj"
error #10056: symbol "_ECAN1INTB_ISR" redefined: first defined in "./Driver/source/DSP2833x_DefaultIsr.obj"; redefined in "./Driver/source/DSP2833x_SWPrioritizedDefaultIsr.obj"
error #10056: symbol "_USER9_ISR" redefined: first defined in "./Driver/source/DSP2833x_DefaultIsr.obj"; redefined in "./Driver/source/DSP2833x_SWPrioritizedDefaultIsr.obj"
error #10056: symbol "_USER3_ISR" redefined: first defined in "./Driver/source/DSP2833x_DefaultIsr.obj"; redefined in "./Driver/source/DSP2833x_SWPrioritizedDefaultIsr.obj"
error #10056: symbol "_EQEP1_INT_ISR" redefined: first defined in "./Driver/source/DSP2833x_DefaultIsr.obj"; redefined in "./Driver/source/DSP2833x_SWPrioritizedDefaultIsr.obj"
error #10056: symbol "_MRINTB_ISR" redefined: first defined in "./Driver/source/DSP2833x_DefaultIsr.obj"; redefined in "./Driver/source/DSP2833x_SWPrioritizedDefaultIsr.obj"
error #10056: symbol "_DINTCH1_ISR" redefined: first defined in "./Driver/source/DSP2833x_DefaultIsr.obj"; redefined in "./Driver/source/DSP2833x_SWPrioritizedDefaultIsr.obj"
error #10056: symbol "_USER8_ISR" redefined: first defined in "./Driver/source/DSP2833x_DefaultIsr.obj"; redefined in "./Driver/source/DSP2833x_SWPrioritizedDefaultIsr.obj"
error #10056: symbol "_EPWM1_INT_ISR" redefined: first defined in "./Driver/source/DSP2833x_DefaultIsr.obj"; redefined in "./Driver/source/DSP2833x_SWPrioritizedDefaultIsr.obj"
error #10056: symbol "_SEQ2INT_ISR" redefined: first defined in "./Driver/source/DSP2833x_DefaultIsr.obj"; redefined in "./Driver/source/DSP2833x_SWPrioritizedDefaultIsr.obj"
error #10056: symbol "_USER2_ISR" redefined: first defined in "./Driver/source/DSP2833x_DefaultIsr.obj"; redefined in "./Driver/source/DSP2833x_SWPrioritizedDefaultIsr.obj"
error #10056: symbol "_LUF_ISR" redefined: first defined in "./Driver/source/DSP2833x_DefaultIsr.obj"; redefined in "./Driver/source/DSP2833x_SWPrioritizedDefaultIsr.obj"
error #10056: symbol "_LVF_ISR" redefined: first defined in "./Driver/source/DSP2833x_DefaultIsr.obj"; redefined in "./Driver/source/DSP2833x_SWPrioritizedDefaultIsr.obj"
error #10056: symbol "_SCITXINTA_ISR" redefined: first defined in "./Driver/source/DSP2833x_DefaultIsr.obj"; redefined in "./Driver/source/DSP2833x_SWPrioritizedDefaultIsr.obj"
error #10056: symbol "_SCIRXINTA_ISR" redefined: first defined in "./Driver/source/DSP2833x_DefaultIsr.obj"; redefined in "./Driver/source/DSP2833x_SWPrioritizedDefaultIsr.obj"
error #10056: symbol "_rsvd_ISR" redefined: first defined in "./Driver/source/DSP2833x_DefaultIsr.obj"; redefined in "./Driver/source/DSP2833x_SWPrioritizedDefaultIsr.obj"
error #10056: symbol "_ECAP5_INT_ISR" redefined: first defined in "./Driver/source/DSP2833x_DefaultIsr.obj"; redefined in "./Driver/source/DSP2833x_SWPrioritizedDefaultIsr.obj"
error #10056: symbol "_DINTCH2_ISR" redefined: first defined in "./Driver/source/DSP2833x_DefaultIsr.obj"; redefined in "./Driver/source/DSP2833x_SWPrioritizedDefaultIsr.obj"
error #10056: symbol "_XINT5_ISR" redefined: first defined in "./Driver/source/DSP2833x_DefaultIsr.obj"; redefined in "./Driver/source/DSP2833x_SWPrioritizedDefaultIsr.obj"
error #10056: symbol "_PieVectTableInit" redefined: first defined in "./Driver/source/DSP2833x_PieVect.obj"; redefined in "./Driver/source/DSP2833x_SWPrioritizedPieVect.obj"
error #10056: symbol "_InitPieVectTable" redefined: first defined in "./Driver/source/DSP2833x_PieVect.obj"; redefined in "./Driver/source/DSP2833x_SWPrioritizedPieVect.obj"
error #10010: errors encountered during linking; "example0.out" not built
 
>> Compilation failure
makefile:170: recipe for target 'example0.out' failed
gmake[1]: *** [example0.out] Error 1
makefile:166: recipe for target 'all' failed
gmake: *** [all] Error 2

**** ??????? ****

****项目 example0 配置 Debug 中的 仅清理的构建****

"D:\\ProgramFiles\\CCS\\ccs\\utils\\bin\\gmake" -k -j 24 clean -O 
 
DEL /F  "example0.out" 
DEL /F "Driver\source\DSP2833x_ADC_cal.obj" "Driver\source\DSP2833x_Adc.obj" "Driver\source\DSP2833x_CSMPasswords.obj" "Driver\source\DSP2833x_CodeStartBranch.obj" "Driver\source\DSP2833x_CpuTimers.obj" "Driver\source\DSP2833x_DBGIER.obj" "Driver\source\DSP2833x_DMA.obj" "Driver\source\DSP2833x_DefaultIsr.obj" "Driver\source\DSP2833x_DisInt.obj" "Driver\source\DSP2833x_ECan.obj" "Driver\source\DSP2833x_ECap.obj" "Driver\source\DSP2833x_EPwm.obj" "Driver\source\DSP2833x_EQep.obj" "Driver\source\DSP2833x_GlobalVariableDefs.obj" "Driver\source\DSP2833x_Gpio.obj" "Driver\source\DSP2833x_I2C.obj" "Driver\source\DSP2833x_Mcbsp.obj" "Driver\source\DSP2833x_MemCopy.obj" "Driver\source\DSP2833x_PieCtrl.obj" "Driver\source\DSP2833x_PieVect.obj" "Driver\source\DSP2833x_SWPrioritizedDefaultIsr.obj" "Driver\source\DSP2833x_SWPrioritizedPieVect.obj" "Driver\source\DSP2833x_Sci.obj" "Driver\source\DSP2833x_Spi.obj" "Driver\source\DSP2833x_SysCtrl.obj" "Driver\source\DSP2833x_Xintf.obj" "Driver\source\DSP2833x_usDelay.obj" 
DEL /F "User\bsp\led.obj" "User\main.obj" 
DEL /F "Driver\source\DSP2833x_Adc.d" "Driver\source\DSP2833x_CpuTimers.d" "Driver\source\DSP2833x_DMA.d" "Driver\source\DSP2833x_DefaultIsr.d" "Driver\source\DSP2833x_ECan.d" "Driver\source\DSP2833x_ECap.d" "Driver\source\DSP2833x_EPwm.d" "Driver\source\DSP2833x_EQep.d" "Driver\source\DSP2833x_GlobalVariableDefs.d" "Driver\source\DSP2833x_Gpio.d" "Driver\source\DSP2833x_I2C.d" "Driver\source\DSP2833x_Mcbsp.d" "Driver\source\DSP2833x_MemCopy.d" "Driver\source\DSP2833x_PieCtrl.d" "Driver\source\DSP2833x_PieVect.d" "Driver\source\DSP2833x_SWPrioritizedDefaultIsr.d" "Driver\source\DSP2833x_SWPrioritizedPieVect.d" "Driver\source\DSP2833x_Sci.d" "Driver\source\DSP2833x_Spi.d" "Driver\source\DSP2833x_SysCtrl.d" "Driver\source\DSP2833x_Xintf.d" "User\bsp\led.d" "User\main.d" 
DEL /F "Driver\source\DSP2833x_ADC_cal.d" "Driver\source\DSP2833x_CSMPasswords.d" "Driver\source\DSP2833x_CodeStartBranch.d" "Driver\source\DSP2833x_DBGIER.d" "Driver\source\DSP2833x_DisInt.d" "Driver\source\DSP2833x_usDelay.d" 
????? C:\Users\30495\Desktop\CCSPro\example0\Debug\example0.out
????? C:\Users\30495\Desktop\CCSPro\example0\Debug\Driver\source\DSP2833x_ADC_cal.d
Finished clean
 

**** ??????? ****

****项目 example0 配置 Debug 中的 构建****

"D:\\ProgramFiles\\CCS\\ccs\\utils\\bin\\gmake" -k -j 24 all -O 
 
Building file: "../Driver/source/DSP2833x_ADC_cal.asm"
正在调用??C2000 Compiler
"D:/ProgramFiles/CCS/ccs/tools/compiler/ti-cgt-c2000_22.6.1.LTS/bin/cl2000" -v28 -ml -mt --float_support=fpu32 --include_path="D:/ProgramFiles/CCS/ccs/tools/compiler/ti-cgt-c2000_22.6.1.LTS/include" --include_path="C:/Users/30495/Desktop/CCSPro/example0/User" --include_path="C:/Users/30495/Desktop/CCSPro/example0/Driver/include" -g --diag_warning=225 --diag_wrap=off --display_error_number --abi=coffabi --preproc_with_compile --preproc_dependency="Driver/source/DSP2833x_ADC_cal.d_raw" --obj_directory="Driver/source"  "../Driver/source/DSP2833x_ADC_cal.asm"
Finished building: "../Driver/source/DSP2833x_ADC_cal.asm"
 
Building file: "../Driver/source/DSP2833x_CSMPasswords.asm"
正在调用??C2000 Compiler
"D:/ProgramFiles/CCS/ccs/tools/compiler/ti-cgt-c2000_22.6.1.LTS/bin/cl2000" -v28 -ml -mt --float_support=fpu32 --include_path="D:/ProgramFiles/CCS/ccs/tools/compiler/ti-cgt-c2000_22.6.1.LTS/include" --include_path="C:/Users/30495/Desktop/CCSPro/example0/User" --include_path="C:/Users/30495/Desktop/CCSPro/example0/Driver/include" -g --diag_warning=225 --diag_wrap=off --display_error_number --abi=coffabi --preproc_with_compile --preproc_dependency="Driver/source/DSP2833x_CSMPasswords.d_raw" --obj_directory="Driver/source"  "../Driver/source/DSP2833x_CSMPasswords.asm"
Finished building: "../Driver/source/DSP2833x_CSMPasswords.asm"
 
Building file: "../Driver/source/DSP2833x_CodeStartBranch.asm"
正在调用??C2000 Compiler
"D:/ProgramFiles/CCS/ccs/tools/compiler/ti-cgt-c2000_22.6.1.LTS/bin/cl2000" -v28 -ml -mt --float_support=fpu32 --include_path="D:/ProgramFiles/CCS/ccs/tools/compiler/ti-cgt-c2000_22.6.1.LTS/include" --include_path="C:/Users/30495/Desktop/CCSPro/example0/User" --include_path="C:/Users/30495/Desktop/CCSPro/example0/Driver/include" -g --diag_warning=225 --diag_wrap=off --display_error_number --abi=coffabi --preproc_with_compile --preproc_dependency="Driver/source/DSP2833x_CodeStartBranch.d_raw" --obj_directory="Driver/source"  "../Driver/source/DSP2833x_CodeStartBranch.asm"
Finished building: "../Driver/source/DSP2833x_CodeStartBranch.asm"
 
Building file: "../Driver/source/DSP2833x_DBGIER.asm"
正在调用??C2000 Compiler
"D:/ProgramFiles/CCS/ccs/tools/compiler/ti-cgt-c2000_22.6.1.LTS/bin/cl2000" -v28 -ml -mt --float_support=fpu32 --include_path="D:/ProgramFiles/CCS/ccs/tools/compiler/ti-cgt-c2000_22.6.1.LTS/include" --include_path="C:/Users/30495/Desktop/CCSPro/example0/User" --include_path="C:/Users/30495/Desktop/CCSPro/example0/Driver/include" -g --diag_warning=225 --diag_wrap=off --display_error_number --abi=coffabi --preproc_with_compile --preproc_dependency="Driver/source/DSP2833x_DBGIER.d_raw" --obj_directory="Driver/source"  "../Driver/source/DSP2833x_DBGIER.asm"
Finished building: "../Driver/source/DSP2833x_DBGIER.asm"
 
Building file: "../Driver/source/DSP2833x_Adc.c"
正在调用??C2000 Compiler
"D:/ProgramFiles/CCS/ccs/tools/compiler/ti-cgt-c2000_22.6.1.LTS/bin/cl2000" -v28 -ml -mt --float_support=fpu32 --include_path="D:/ProgramFiles/CCS/ccs/tools/compiler/ti-cgt-c2000_22.6.1.LTS/include" --include_path="C:/Users/30495/Desktop/CCSPro/example0/User" --include_path="C:/Users/30495/Desktop/CCSPro/example0/Driver/include" -g --diag_warning=225 --diag_wrap=off --display_error_number --abi=coffabi --preproc_with_compile --preproc_dependency="Driver/source/DSP2833x_Adc.d_raw" --obj_directory="Driver/source"  "../Driver/source/DSP2833x_Adc.c"
Finished building: "../Driver/source/DSP2833x_Adc.c"
 
Building file: "../Driver/source/DSP2833x_CpuTimers.c"
正在调用??C2000 Compiler
"D:/ProgramFiles/CCS/ccs/tools/compiler/ti-cgt-c2000_22.6.1.LTS/bin/cl2000" -v28 -ml -mt --float_support=fpu32 --include_path="D:/ProgramFiles/CCS/ccs/tools/compiler/ti-cgt-c2000_22.6.1.LTS/include" --include_path="C:/Users/30495/Desktop/CCSPro/example0/User" --include_path="C:/Users/30495/Desktop/CCSPro/example0/Driver/include" -g --diag_warning=225 --diag_wrap=off --display_error_number --abi=coffabi --preproc_with_compile --preproc_dependency="Driver/source/DSP2833x_CpuTimers.d_raw" --obj_directory="Driver/source"  "../Driver/source/DSP2833x_CpuTimers.c"
Finished building: "../Driver/source/DSP2833x_CpuTimers.c"
 
Building file: "../Driver/source/DSP2833x_DefaultIsr.c"
正在调用??C2000 Compiler
"D:/ProgramFiles/CCS/ccs/tools/compiler/ti-cgt-c2000_22.6.1.LTS/bin/cl2000" -v28 -ml -mt --float_support=fpu32 --include_path="D:/ProgramFiles/CCS/ccs/tools/compiler/ti-cgt-c2000_22.6.1.LTS/include" --include_path="C:/Users/30495/Desktop/CCSPro/example0/User" --include_path="C:/Users/30495/Desktop/CCSPro/example0/Driver/include" -g --diag_warning=225 --diag_wrap=off --display_error_number --abi=coffabi --preproc_with_compile --preproc_dependency="Driver/source/DSP2833x_DefaultIsr.d_raw" --obj_directory="Driver/source"  "../Driver/source/DSP2833x_DefaultIsr.c"
Finished building: "../Driver/source/DSP2833x_DefaultIsr.c"
 
Building file: "../Driver/source/DSP2833x_DisInt.asm"
正在调用??C2000 Compiler
"D:/ProgramFiles/CCS/ccs/tools/compiler/ti-cgt-c2000_22.6.1.LTS/bin/cl2000" -v28 -ml -mt --float_support=fpu32 --include_path="D:/ProgramFiles/CCS/ccs/tools/compiler/ti-cgt-c2000_22.6.1.LTS/include" --include_path="C:/Users/30495/Desktop/CCSPro/example0/User" --include_path="C:/Users/30495/Desktop/CCSPro/example0/Driver/include" -g --diag_warning=225 --diag_wrap=off --display_error_number --abi=coffabi --preproc_with_compile --preproc_dependency="Driver/source/DSP2833x_DisInt.d_raw" --obj_directory="Driver/source"  "../Driver/source/DSP2833x_DisInt.asm"
Finished building: "../Driver/source/DSP2833x_DisInt.asm"
 
Building file: "../Driver/source/DSP2833x_DMA.c"
正在调用??C2000 Compiler
"D:/ProgramFiles/CCS/ccs/tools/compiler/ti-cgt-c2000_22.6.1.LTS/bin/cl2000" -v28 -ml -mt --float_support=fpu32 --include_path="D:/ProgramFiles/CCS/ccs/tools/compiler/ti-cgt-c2000_22.6.1.LTS/include" --include_path="C:/Users/30495/Desktop/CCSPro/example0/User" --include_path="C:/Users/30495/Desktop/CCSPro/example0/Driver/include" -g --diag_warning=225 --diag_wrap=off --display_error_number --abi=coffabi --preproc_with_compile --preproc_dependency="Driver/source/DSP2833x_DMA.d_raw" --obj_directory="Driver/source"  "../Driver/source/DSP2833x_DMA.c"
Finished building: "../Driver/source/DSP2833x_DMA.c"
 
Building file: "../Driver/source/DSP2833x_ECap.c"
正在调用??C2000 Compiler
"D:/ProgramFiles/CCS/ccs/tools/compiler/ti-cgt-c2000_22.6.1.LTS/bin/cl2000" -v28 -ml -mt --float_support=fpu32 --include_path="D:/ProgramFiles/CCS/ccs/tools/compiler/ti-cgt-c2000_22.6.1.LTS/include" --include_path="C:/Users/30495/Desktop/CCSPro/example0/User" --include_path="C:/Users/30495/Desktop/CCSPro/example0/Driver/include" -g --diag_warning=225 --diag_wrap=off --display_error_number --abi=coffabi --preproc_with_compile --preproc_dependency="Driver/source/DSP2833x_ECap.d_raw" --obj_directory="Driver/source"  "../Driver/source/DSP2833x_ECap.c"
Finished building: "../Driver/source/DSP2833x_ECap.c"
 
Building file: "../Driver/source/DSP2833x_EPwm.c"
正在调用??C2000 Compiler
"D:/ProgramFiles/CCS/ccs/tools/compiler/ti-cgt-c2000_22.6.1.LTS/bin/cl2000" -v28 -ml -mt --float_support=fpu32 --include_path="D:/ProgramFiles/CCS/ccs/tools/compiler/ti-cgt-c2000_22.6.1.LTS/include" --include_path="C:/Users/30495/Desktop/CCSPro/example0/User" --include_path="C:/Users/30495/Desktop/CCSPro/example0/Driver/include" -g --diag_warning=225 --diag_wrap=off --display_error_number --abi=coffabi --preproc_with_compile --preproc_dependency="Driver/source/DSP2833x_EPwm.d_raw" --obj_directory="Driver/source"  "../Driver/source/DSP2833x_EPwm.c"
Finished building: "../Driver/source/DSP2833x_EPwm.c"
 
Building file: "../Driver/source/DSP2833x_ECan.c"
正在调用??C2000 Compiler
"D:/ProgramFiles/CCS/ccs/tools/compiler/ti-cgt-c2000_22.6.1.LTS/bin/cl2000" -v28 -ml -mt --float_support=fpu32 --include_path="D:/ProgramFiles/CCS/ccs/tools/compiler/ti-cgt-c2000_22.6.1.LTS/include" --include_path="C:/Users/30495/Desktop/CCSPro/example0/User" --include_path="C:/Users/30495/Desktop/CCSPro/example0/Driver/include" -g --diag_warning=225 --diag_wrap=off --display_error_number --abi=coffabi --preproc_with_compile --preproc_dependency="Driver/source/DSP2833x_ECan.d_raw" --obj_directory="Driver/source"  "../Driver/source/DSP2833x_ECan.c"
Finished building: "../Driver/source/DSP2833x_ECan.c"
 
Building file: "../Driver/source/DSP2833x_EQep.c"
正在调用??C2000 Compiler
"D:/ProgramFiles/CCS/ccs/tools/compiler/ti-cgt-c2000_22.6.1.LTS/bin/cl2000" -v28 -ml -mt --float_support=fpu32 --include_path="D:/ProgramFiles/CCS/ccs/tools/compiler/ti-cgt-c2000_22.6.1.LTS/include" --include_path="C:/Users/30495/Desktop/CCSPro/example0/User" --include_path="C:/Users/30495/Desktop/CCSPro/example0/Driver/include" -g --diag_warning=225 --diag_wrap=off --display_error_number --abi=coffabi --preproc_with_compile --preproc_dependency="Driver/source/DSP2833x_EQep.d_raw" --obj_directory="Driver/source"  "../Driver/source/DSP2833x_EQep.c"
Finished building: "../Driver/source/DSP2833x_EQep.c"
 
Building file: "../Driver/source/DSP2833x_Gpio.c"
正在调用??C2000 Compiler
"D:/ProgramFiles/CCS/ccs/tools/compiler/ti-cgt-c2000_22.6.1.LTS/bin/cl2000" -v28 -ml -mt --float_support=fpu32 --include_path="D:/ProgramFiles/CCS/ccs/tools/compiler/ti-cgt-c2000_22.6.1.LTS/include" --include_path="C:/Users/30495/Desktop/CCSPro/example0/User" --include_path="C:/Users/30495/Desktop/CCSPro/example0/Driver/include" -g --diag_warning=225 --diag_wrap=off --display_error_number --abi=coffabi --preproc_with_compile --preproc_dependency="Driver/source/DSP2833x_Gpio.d_raw" --obj_directory="Driver/source"  "../Driver/source/DSP2833x_Gpio.c"
Finished building: "../Driver/source/DSP2833x_Gpio.c"
 
Building file: "../Driver/source/DSP2833x_I2C.c"
正在调用??C2000 Compiler
"D:/ProgramFiles/CCS/ccs/tools/compiler/ti-cgt-c2000_22.6.1.LTS/bin/cl2000" -v28 -ml -mt --float_support=fpu32 --include_path="D:/ProgramFiles/CCS/ccs/tools/compiler/ti-cgt-c2000_22.6.1.LTS/include" --include_path="C:/Users/30495/Desktop/CCSPro/example0/User" --include_path="C:/Users/30495/Desktop/CCSPro/example0/Driver/include" -g --diag_warning=225 --diag_wrap=off --display_error_number --abi=coffabi --preproc_with_compile --preproc_dependency="Driver/source/DSP2833x_I2C.d_raw" --obj_directory="Driver/source"  "../Driver/source/DSP2833x_I2C.c"
Finished building: "../Driver/source/DSP2833x_I2C.c"
 
Building file: "../Driver/source/DSP2833x_MemCopy.c"
正在调用??C2000 Compiler
"D:/ProgramFiles/CCS/ccs/tools/compiler/ti-cgt-c2000_22.6.1.LTS/bin/cl2000" -v28 -ml -mt --float_support=fpu32 --include_path="D:/ProgramFiles/CCS/ccs/tools/compiler/ti-cgt-c2000_22.6.1.LTS/include" --include_path="C:/Users/30495/Desktop/CCSPro/example0/User" --include_path="C:/Users/30495/Desktop/CCSPro/example0/Driver/include" -g --diag_warning=225 --diag_wrap=off --display_error_number --abi=coffabi --preproc_with_compile --preproc_dependency="Driver/source/DSP2833x_MemCopy.d_raw" --obj_directory="Driver/source"  "../Driver/source/DSP2833x_MemCopy.c"
Finished building: "../Driver/source/DSP2833x_MemCopy.c"
 
Building file: "../Driver/source/DSP2833x_Mcbsp.c"
正在调用??C2000 Compiler
"D:/ProgramFiles/CCS/ccs/tools/compiler/ti-cgt-c2000_22.6.1.LTS/bin/cl2000" -v28 -ml -mt --float_support=fpu32 --include_path="D:/ProgramFiles/CCS/ccs/tools/compiler/ti-cgt-c2000_22.6.1.LTS/include" --include_path="C:/Users/30495/Desktop/CCSPro/example0/User" --include_path="C:/Users/30495/Desktop/CCSPro/example0/Driver/include" -g --diag_warning=225 --diag_wrap=off --display_error_number --abi=coffabi --preproc_with_compile --preproc_dependency="Driver/source/DSP2833x_Mcbsp.d_raw" --obj_directory="Driver/source"  "../Driver/source/DSP2833x_Mcbsp.c"
Finished building: "../Driver/source/DSP2833x_Mcbsp.c"
 
Building file: "../Driver/source/DSP2833x_PieCtrl.c"
正在调用??C2000 Compiler
"D:/ProgramFiles/CCS/ccs/tools/compiler/ti-cgt-c2000_22.6.1.LTS/bin/cl2000" -v28 -ml -mt --float_support=fpu32 --include_path="D:/ProgramFiles/CCS/ccs/tools/compiler/ti-cgt-c2000_22.6.1.LTS/include" --include_path="C:/Users/30495/Desktop/CCSPro/example0/User" --include_path="C:/Users/30495/Desktop/CCSPro/example0/Driver/include" -g --diag_warning=225 --diag_wrap=off --display_error_number --abi=coffabi --preproc_with_compile --preproc_dependency="Driver/source/DSP2833x_PieCtrl.d_raw" --obj_directory="Driver/source"  "../Driver/source/DSP2833x_PieCtrl.c"
Finished building: "../Driver/source/DSP2833x_PieCtrl.c"
 
Building file: "../Driver/source/DSP2833x_GlobalVariableDefs.c"
正在调用??C2000 Compiler
"D:/ProgramFiles/CCS/ccs/tools/compiler/ti-cgt-c2000_22.6.1.LTS/bin/cl2000" -v28 -ml -mt --float_support=fpu32 --include_path="D:/ProgramFiles/CCS/ccs/tools/compiler/ti-cgt-c2000_22.6.1.LTS/include" --include_path="C:/Users/30495/Desktop/CCSPro/example0/User" --include_path="C:/Users/30495/Desktop/CCSPro/example0/Driver/include" -g --diag_warning=225 --diag_wrap=off --display_error_number --abi=coffabi --preproc_with_compile --preproc_dependency="Driver/source/DSP2833x_GlobalVariableDefs.d_raw" --obj_directory="Driver/source"  "../Driver/source/DSP2833x_GlobalVariableDefs.c"
Finished building: "../Driver/source/DSP2833x_GlobalVariableDefs.c"
 
Building file: "../Driver/source/DSP2833x_PieVect.c"
正在调用??C2000 Compiler
"D:/ProgramFiles/CCS/ccs/tools/compiler/ti-cgt-c2000_22.6.1.LTS/bin/cl2000" -v28 -ml -mt --float_support=fpu32 --include_path="D:/ProgramFiles/CCS/ccs/tools/compiler/ti-cgt-c2000_22.6.1.LTS/include" --include_path="C:/Users/30495/Desktop/CCSPro/example0/User" --include_path="C:/Users/30495/Desktop/CCSPro/example0/Driver/include" -g --diag_warning=225 --diag_wrap=off --display_error_number --abi=coffabi --preproc_with_compile --preproc_dependency="Driver/source/DSP2833x_PieVect.d_raw" --obj_directory="Driver/source"  "../Driver/source/DSP2833x_PieVect.c"
Finished building: "../Driver/source/DSP2833x_PieVect.c"
 
Building file: "../Driver/source/DSP2833x_SWPrioritizedPieVect.c"
正在调用??C2000 Compiler
"D:/ProgramFiles/CCS/ccs/tools/compiler/ti-cgt-c2000_22.6.1.LTS/bin/cl2000" -v28 -ml -mt --float_support=fpu32 --include_path="D:/ProgramFiles/CCS/ccs/tools/compiler/ti-cgt-c2000_22.6.1.LTS/include" --include_path="C:/Users/30495/Desktop/CCSPro/example0/User" --include_path="C:/Users/30495/Desktop/CCSPro/example0/Driver/include" -g --diag_warning=225 --diag_wrap=off --display_error_number --abi=coffabi --preproc_with_compile --preproc_dependency="Driver/source/DSP2833x_SWPrioritizedPieVect.d_raw" --obj_directory="Driver/source"  "../Driver/source/DSP2833x_SWPrioritizedPieVect.c"
Finished building: "../Driver/source/DSP2833x_SWPrioritizedPieVect.c"
 
Building file: "../Driver/source/DSP2833x_Sci.c"
正在调用??C2000 Compiler
"D:/ProgramFiles/CCS/ccs/tools/compiler/ti-cgt-c2000_22.6.1.LTS/bin/cl2000" -v28 -ml -mt --float_support=fpu32 --include_path="D:/ProgramFiles/CCS/ccs/tools/compiler/ti-cgt-c2000_22.6.1.LTS/include" --include_path="C:/Users/30495/Desktop/CCSPro/example0/User" --include_path="C:/Users/30495/Desktop/CCSPro/example0/Driver/include" -g --diag_warning=225 --diag_wrap=off --display_error_number --abi=coffabi --preproc_with_compile --preproc_dependency="Driver/source/DSP2833x_Sci.d_raw" --obj_directory="Driver/source"  "../Driver/source/DSP2833x_Sci.c"
Finished building: "../Driver/source/DSP2833x_Sci.c"
 
Building file: "../Driver/source/DSP2833x_Spi.c"
正在调用??C2000 Compiler
"D:/ProgramFiles/CCS/ccs/tools/compiler/ti-cgt-c2000_22.6.1.LTS/bin/cl2000" -v28 -ml -mt --float_support=fpu32 --include_path="D:/ProgramFiles/CCS/ccs/tools/compiler/ti-cgt-c2000_22.6.1.LTS/include" --include_path="C:/Users/30495/Desktop/CCSPro/example0/User" --include_path="C:/Users/30495/Desktop/CCSPro/example0/Driver/include" -g --diag_warning=225 --diag_wrap=off --display_error_number --abi=coffabi --preproc_with_compile --preproc_dependency="Driver/source/DSP2833x_Spi.d_raw" --obj_directory="Driver/source"  "../Driver/source/DSP2833x_Spi.c"
Finished building: "../Driver/source/DSP2833x_Spi.c"
 
Building file: "../Driver/source/DSP2833x_SysCtrl.c"
正在调用??C2000 Compiler
"D:/ProgramFiles/CCS/ccs/tools/compiler/ti-cgt-c2000_22.6.1.LTS/bin/cl2000" -v28 -ml -mt --float_support=fpu32 --include_path="D:/ProgramFiles/CCS/ccs/tools/compiler/ti-cgt-c2000_22.6.1.LTS/include" --include_path="C:/Users/30495/Desktop/CCSPro/example0/User" --include_path="C:/Users/30495/Desktop/CCSPro/example0/Driver/include" -g --diag_warning=225 --diag_wrap=off --display_error_number --abi=coffabi --preproc_with_compile --preproc_dependency="Driver/source/DSP2833x_SysCtrl.d_raw" --obj_directory="Driver/source"  "../Driver/source/DSP2833x_SysCtrl.c"
Finished building: "../Driver/source/DSP2833x_SysCtrl.c"
 
Building file: "../Driver/source/DSP2833x_SWPrioritizedDefaultIsr.c"
正在调用??C2000 Compiler
"D:/ProgramFiles/CCS/ccs/tools/compiler/ti-cgt-c2000_22.6.1.LTS/bin/cl2000" -v28 -ml -mt --float_support=fpu32 --include_path="D:/ProgramFiles/CCS/ccs/tools/compiler/ti-cgt-c2000_22.6.1.LTS/include" --include_path="C:/Users/30495/Desktop/CCSPro/example0/User" --include_path="C:/Users/30495/Desktop/CCSPro/example0/Driver/include" -g --diag_warning=225 --diag_wrap=off --display_error_number --abi=coffabi --preproc_with_compile --preproc_dependency="Driver/source/DSP2833x_SWPrioritizedDefaultIsr.d_raw" --obj_directory="Driver/source"  "../Driver/source/DSP2833x_SWPrioritizedDefaultIsr.c"
Finished building: "../Driver/source/DSP2833x_SWPrioritizedDefaultIsr.c"
 
Building file: "../Driver/source/DSP2833x_usDelay.asm"
正在调用??C2000 Compiler
"D:/ProgramFiles/CCS/ccs/tools/compiler/ti-cgt-c2000_22.6.1.LTS/bin/cl2000" -v28 -ml -mt --float_support=fpu32 --include_path="D:/ProgramFiles/CCS/ccs/tools/compiler/ti-cgt-c2000_22.6.1.LTS/include" --include_path="C:/Users/30495/Desktop/CCSPro/example0/User" --include_path="C:/Users/30495/Desktop/CCSPro/example0/Driver/include" -g --diag_warning=225 --diag_wrap=off --display_error_number --abi=coffabi --preproc_with_compile --preproc_dependency="Driver/source/DSP2833x_usDelay.d_raw" --obj_directory="Driver/source"  "../Driver/source/DSP2833x_usDelay.asm"
Finished building: "../Driver/source/DSP2833x_usDelay.asm"
 
Building file: "../Driver/source/DSP2833x_Xintf.c"
正在调用??C2000 Compiler
"D:/ProgramFiles/CCS/ccs/tools/compiler/ti-cgt-c2000_22.6.1.LTS/bin/cl2000" -v28 -ml -mt --float_support=fpu32 --include_path="D:/ProgramFiles/CCS/ccs/tools/compiler/ti-cgt-c2000_22.6.1.LTS/include" --include_path="C:/Users/30495/Desktop/CCSPro/example0/User" --include_path="C:/Users/30495/Desktop/CCSPro/example0/Driver/include" -g --diag_warning=225 --diag_wrap=off --display_error_number --abi=coffabi --preproc_with_compile --preproc_dependency="Driver/source/DSP2833x_Xintf.d_raw" --obj_directory="Driver/source"  "../Driver/source/DSP2833x_Xintf.c"
Finished building: "../Driver/source/DSP2833x_Xintf.c"
 
Building file: "../User/main.c"
正在调用??C2000 Compiler
"D:/ProgramFiles/CCS/ccs/tools/compiler/ti-cgt-c2000_22.6.1.LTS/bin/cl2000" -v28 -ml -mt --float_support=fpu32 --include_path="D:/ProgramFiles/CCS/ccs/tools/compiler/ti-cgt-c2000_22.6.1.LTS/include" --include_path="C:/Users/30495/Desktop/CCSPro/example0/User" --include_path="C:/Users/30495/Desktop/CCSPro/example0/Driver/include" -g --diag_warning=225 --diag_wrap=off --display_error_number --abi=coffabi --preproc_with_compile --preproc_dependency="User/main.d_raw" --obj_directory="User"  "../User/main.c"
Finished building: "../User/main.c"
 
Building file: "../User/bsp/led.c"
正在调用??C2000 Compiler
"D:/ProgramFiles/CCS/ccs/tools/compiler/ti-cgt-c2000_22.6.1.LTS/bin/cl2000" -v28 -ml -mt --float_support=fpu32 --include_path="D:/ProgramFiles/CCS/ccs/tools/compiler/ti-cgt-c2000_22.6.1.LTS/include" --include_path="C:/Users/30495/Desktop/CCSPro/example0/User" --include_path="C:/Users/30495/Desktop/CCSPro/example0/Driver/include" -g --diag_warning=225 --diag_wrap=off --display_error_number --abi=coffabi --preproc_with_compile --preproc_dependency="User/bsp/led.d_raw" --obj_directory="User/bsp"  "../User/bsp/led.c"
Finished building: "../User/bsp/led.c"
 
Building target: "example0.out"
正在调用??C2000 Linker
"D:/ProgramFiles/CCS/ccs/tools/compiler/ti-cgt-c2000_22.6.1.LTS/bin/cl2000" -v28 -ml -mt --float_support=fpu32 -g --diag_warning=225 --diag_wrap=off --display_error_number --abi=coffabi -z -m"example0.map" --stack_size=0x300 --warn_sections -i"D:/ProgramFiles/CCS/ccs/tools/compiler/ti-cgt-c2000_22.6.1.LTS/lib" -i"D:/ProgramFiles/CCS/ccs/tools/compiler/ti-cgt-c2000_22.6.1.LTS/include" --reread_libs --diag_wrap=off --display_error_number --xml_link_info="example0_linkInfo.xml" --rom_model -o "example0.out" "./Driver/source/DSP2833x_ADC_cal.obj" "./Driver/source/DSP2833x_Adc.obj" "./Driver/source/DSP2833x_CSMPasswords.obj" "./Driver/source/DSP2833x_CodeStartBranch.obj" "./Driver/source/DSP2833x_CpuTimers.obj" "./Driver/source/DSP2833x_DBGIER.obj" "./Driver/source/DSP2833x_DMA.obj" "./Driver/source/DSP2833x_DefaultIsr.obj" "./Driver/source/DSP2833x_DisInt.obj" "./Driver/source/DSP2833x_ECan.obj" "./Driver/source/DSP2833x_ECap.obj" "./Driver/source/DSP2833x_EPwm.obj" "./Driver/source/DSP2833x_EQep.obj" "./Driver/source/DSP2833x_GlobalVariableDefs.obj" "./Driver/source/DSP2833x_Gpio.obj" "./Driver/source/DSP2833x_I2C.obj" "./Driver/source/DSP2833x_Mcbsp.obj" "./Driver/source/DSP2833x_MemCopy.obj" "./Driver/source/DSP2833x_PieCtrl.obj" "./Driver/source/DSP2833x_PieVect.obj" "./Driver/source/DSP2833x_SWPrioritizedDefaultIsr.obj" "./Driver/source/DSP2833x_SWPrioritizedPieVect.obj" "./Driver/source/DSP2833x_Sci.obj" "./Driver/source/DSP2833x_Spi.obj" "./Driver/source/DSP2833x_SysCtrl.obj" "./Driver/source/DSP2833x_Xintf.obj" "./Driver/source/DSP2833x_usDelay.obj" "./User/bsp/led.obj" "./User/main.obj" "../28335_RAM_lnk.cmd" "../DSP2833x_Headers_nonBIOS.cmd"  -llibc.a 
<Linking>
error #10056: symbol "_ILLEGAL_ISR" redefined: first defined in "./Driver/source/DSP2833x_DefaultIsr.obj"; redefined in "./Driver/source/DSP2833x_SWPrioritizedDefaultIsr.obj"
error #10056: symbol "_EPWM6_INT_ISR" redefined: first defined in "./Driver/source/DSP2833x_DefaultIsr.obj"; redefined in "./Driver/source/DSP2833x_SWPrioritizedDefaultIsr.obj"
error #10056: symbol "_DATALOG_ISR" redefined: first defined in "./Driver/source/DSP2833x_DefaultIsr.obj"; redefined in "./Driver/source/DSP2833x_SWPrioritizedDefaultIsr.obj"
error #10056: symbol "_SPITXINTA_ISR" redefined: first defined in "./Driver/source/DSP2833x_DefaultIsr.obj"; redefined in "./Driver/source/DSP2833x_SWPrioritizedDefaultIsr.obj"
error #10056: symbol "_SPIRXINTA_ISR" redefined: first defined in "./Driver/source/DSP2833x_DefaultIsr.obj"; redefined in "./Driver/source/DSP2833x_SWPrioritizedDefaultIsr.obj"
error #10056: symbol "_DINTCH3_ISR" redefined: first defined in "./Driver/source/DSP2833x_DefaultIsr.obj"; redefined in "./Driver/source/DSP2833x_SWPrioritizedDefaultIsr.obj"
error #10056: symbol "_XINT4_ISR" redefined: first defined in "./Driver/source/DSP2833x_DefaultIsr.obj"; redefined in "./Driver/source/DSP2833x_SWPrioritizedDefaultIsr.obj"
error #10056: symbol "_SEQ1INT_ISR" redefined: first defined in "./Driver/source/DSP2833x_DefaultIsr.obj"; redefined in "./Driver/source/DSP2833x_SWPrioritizedDefaultIsr.obj"
error #10056: symbol "_ECAP3_INT_ISR" redefined: first defined in "./Driver/source/DSP2833x_DefaultIsr.obj"; redefined in "./Driver/source/DSP2833x_SWPrioritizedDefaultIsr.obj"
error #10056: symbol "_INT13_ISR" redefined: first defined in "./Driver/source/DSP2833x_DefaultIsr.obj"; redefined in "./Driver/source/DSP2833x_SWPrioritizedDefaultIsr.obj"
error #10056: symbol "_MXINTA_ISR" redefined: first defined in "./Driver/source/DSP2833x_DefaultIsr.obj"; redefined in "./Driver/source/DSP2833x_SWPrioritizedDefaultIsr.obj"
error #10056: symbol "_EPWM4_INT_ISR" redefined: first defined in "./Driver/source/DSP2833x_DefaultIsr.obj"; redefined in "./Driver/source/DSP2833x_SWPrioritizedDefaultIsr.obj"
error #10056: symbol "_USER5_ISR" redefined: first defined in "./Driver/source/DSP2833x_DefaultIsr.obj"; redefined in "./Driver/source/DSP2833x_SWPrioritizedDefaultIsr.obj"
error #10056: symbol "_XINT7_ISR" redefined: first defined in "./Driver/source/DSP2833x_DefaultIsr.obj"; redefined in "./Driver/source/DSP2833x_SWPrioritizedDefaultIsr.obj"
error #10056: symbol "_EPWM5_TZINT_ISR" redefined: first defined in "./Driver/source/DSP2833x_DefaultIsr.obj"; redefined in "./Driver/source/DSP2833x_SWPrioritizedDefaultIsr.obj"
error #10056: symbol "_EPWM4_TZINT_ISR" redefined: first defined in "./Driver/source/DSP2833x_DefaultIsr.obj"; redefined in "./Driver/source/DSP2833x_SWPrioritizedDefaultIsr.obj"
error #10056: symbol "_ECAN0INTA_ISR" redefined: first defined in "./Driver/source/DSP2833x_DefaultIsr.obj"; redefined in "./Driver/source/DSP2833x_SWPrioritizedDefaultIsr.obj"
error #10056: symbol "_EPWM6_TZINT_ISR" redefined: first defined in "./Driver/source/DSP2833x_DefaultIsr.obj"; redefined in "./Driver/source/DSP2833x_SWPrioritizedDefaultIsr.obj"
error #10056: symbol "_EMUINT_ISR" redefined: first defined in "./Driver/source/DSP2833x_DefaultIsr.obj"; redefined in "./Driver/source/DSP2833x_SWPrioritizedDefaultIsr.obj"
error #10056: symbol "_ECAP1_INT_ISR" redefined: first defined in "./Driver/source/DSP2833x_DefaultIsr.obj"; redefined in "./Driver/source/DSP2833x_SWPrioritizedDefaultIsr.obj"
error #10056: symbol "_EPWM1_TZINT_ISR" redefined: first defined in "./Driver/source/DSP2833x_DefaultIsr.obj"; redefined in "./Driver/source/DSP2833x_SWPrioritizedDefaultIsr.obj"
error #10056: symbol "_EQEP2_INT_ISR" redefined: first defined in "./Driver/source/DSP2833x_DefaultIsr.obj"; redefined in "./Driver/source/DSP2833x_SWPrioritizedDefaultIsr.obj"
error #10056: symbol "_USER11_ISR" redefined: first defined in "./Driver/source/DSP2833x_DefaultIsr.obj"; redefined in "./Driver/source/DSP2833x_SWPrioritizedDefaultIsr.obj"
error #10056: symbol "_EPWM3_TZINT_ISR" redefined: first defined in "./Driver/source/DSP2833x_DefaultIsr.obj"; redefined in "./Driver/source/DSP2833x_SWPrioritizedDefaultIsr.obj"
error #10056: symbol "_USER4_ISR" redefined: first defined in "./Driver/source/DSP2833x_DefaultIsr.obj"; redefined in "./Driver/source/DSP2833x_SWPrioritizedDefaultIsr.obj"
error #10056: symbol "_EPWM2_TZINT_ISR" redefined: first defined in "./Driver/source/DSP2833x_DefaultIsr.obj"; redefined in "./Driver/source/DSP2833x_SWPrioritizedDefaultIsr.obj"
error #10056: symbol "_XINT6_ISR" redefined: first defined in "./Driver/source/DSP2833x_DefaultIsr.obj"; redefined in "./Driver/source/DSP2833x_SWPrioritizedDefaultIsr.obj"
error #10056: symbol "_EPWM2_INT_ISR" redefined: first defined in "./Driver/source/DSP2833x_DefaultIsr.obj"; redefined in "./Driver/source/DSP2833x_SWPrioritizedDefaultIsr.obj"
error #10056: symbol "_ECAN0INTB_ISR" redefined: first defined in "./Driver/source/DSP2833x_DefaultIsr.obj"; redefined in "./Driver/source/DSP2833x_SWPrioritizedDefaultIsr.obj"
error #10056: symbol "_TINT0_ISR" redefined: first defined in "./Driver/source/DSP2833x_DefaultIsr.obj"; redefined in "./Driver/source/DSP2833x_SWPrioritizedDefaultIsr.obj"
error #10056: symbol "_WAKEINT_ISR" redefined: first defined in "./Driver/source/DSP2833x_DefaultIsr.obj"; redefined in "./Driver/source/DSP2833x_SWPrioritizedDefaultIsr.obj"
error #10056: symbol "_DINTCH4_ISR" redefined: first defined in "./Driver/source/DSP2833x_DefaultIsr.obj"; redefined in "./Driver/source/DSP2833x_SWPrioritizedDefaultIsr.obj"
error #10056: symbol "_USER10_ISR" redefined: first defined in "./Driver/source/DSP2833x_DefaultIsr.obj"; redefined in "./Driver/source/DSP2833x_SWPrioritizedDefaultIsr.obj"
error #10056: symbol "_USER7_ISR" redefined: first defined in "./Driver/source/DSP2833x_DefaultIsr.obj"; redefined in "./Driver/source/DSP2833x_SWPrioritizedDefaultIsr.obj"
error #10056: symbol "_XINT1_ISR" redefined: first defined in "./Driver/source/DSP2833x_DefaultIsr.obj"; redefined in "./Driver/source/DSP2833x_SWPrioritizedDefaultIsr.obj"
error #10056: symbol "_ECAP6_INT_ISR" redefined: first defined in "./Driver/source/DSP2833x_DefaultIsr.obj"; redefined in "./Driver/source/DSP2833x_SWPrioritizedDefaultIsr.obj"
error #10056: symbol "_INT14_ISR" redefined: first defined in "./Driver/source/DSP2833x_DefaultIsr.obj"; redefined in "./Driver/source/DSP2833x_SWPrioritizedDefaultIsr.obj"
error #10056: symbol "_MXINTB_ISR" redefined: first defined in "./Driver/source/DSP2833x_DefaultIsr.obj"; redefined in "./Driver/source/DSP2833x_SWPrioritizedDefaultIsr.obj"
error #10056: symbol "_DINTCH5_ISR" redefined: first defined in "./Driver/source/DSP2833x_DefaultIsr.obj"; redefined in "./Driver/source/DSP2833x_SWPrioritizedDefaultIsr.obj"
error #10056: symbol "_USER6_ISR" redefined: first defined in "./Driver/source/DSP2833x_DefaultIsr.obj"; redefined in "./Driver/source/DSP2833x_SWPrioritizedDefaultIsr.obj"
error #10056: symbol "_ECAP4_INT_ISR" redefined: first defined in "./Driver/source/DSP2833x_DefaultIsr.obj"; redefined in "./Driver/source/DSP2833x_SWPrioritizedDefaultIsr.obj"
error #10056: symbol "_MRINTA_ISR" redefined: first defined in "./Driver/source/DSP2833x_DefaultIsr.obj"; redefined in "./Driver/source/DSP2833x_SWPrioritizedDefaultIsr.obj"
error #10056: symbol "_DINTCH6_ISR" redefined: first defined in "./Driver/source/DSP2833x_DefaultIsr.obj"; redefined in "./Driver/source/DSP2833x_SWPrioritizedDefaultIsr.obj"
error #10056: symbol "_USER12_ISR" redefined: first defined in "./Driver/source/DSP2833x_DefaultIsr.obj"; redefined in "./Driver/source/DSP2833x_SWPrioritizedDefaultIsr.obj"
error #10056: symbol "_ADCINT_ISR" redefined: first defined in "./Driver/source/DSP2833x_DefaultIsr.obj"; redefined in "./Driver/source/DSP2833x_SWPrioritizedDefaultIsr.obj"
error #10056: symbol "_USER1_ISR" redefined: first defined in "./Driver/source/DSP2833x_DefaultIsr.obj"; redefined in "./Driver/source/DSP2833x_SWPrioritizedDefaultIsr.obj"
error #10056: symbol "_XINT3_ISR" redefined: first defined in "./Driver/source/DSP2833x_DefaultIsr.obj"; redefined in "./Driver/source/DSP2833x_SWPrioritizedDefaultIsr.obj"
error #10056: symbol "_EPWM5_INT_ISR" redefined: first defined in "./Driver/source/DSP2833x_DefaultIsr.obj"; redefined in "./Driver/source/DSP2833x_SWPrioritizedDefaultIsr.obj"
error #10056: symbol "_NMI_ISR" redefined: first defined in "./Driver/source/DSP2833x_DefaultIsr.obj"; redefined in "./Driver/source/DSP2833x_SWPrioritizedDefaultIsr.obj"
error #10056: symbol "_SCITXINTB_ISR" redefined: first defined in "./Driver/source/DSP2833x_DefaultIsr.obj"; redefined in "./Driver/source/DSP2833x_SWPrioritizedDefaultIsr.obj"
error #10056: symbol "_SCIRXINTB_ISR" redefined: first defined in "./Driver/source/DSP2833x_DefaultIsr.obj"; redefined in "./Driver/source/DSP2833x_SWPrioritizedDefaultIsr.obj"
error #10056: symbol "_ECAN1INTA_ISR" redefined: first defined in "./Driver/source/DSP2833x_DefaultIsr.obj"; redefined in "./Driver/source/DSP2833x_SWPrioritizedDefaultIsr.obj"
error #10056: symbol "_ECAP2_INT_ISR" redefined: first defined in "./Driver/source/DSP2833x_DefaultIsr.obj"; redefined in "./Driver/source/DSP2833x_SWPrioritizedDefaultIsr.obj"
error #10056: symbol "_PIE_RESERVED" redefined: first defined in "./Driver/source/DSP2833x_DefaultIsr.obj"; redefined in "./Driver/source/DSP2833x_SWPrioritizedDefaultIsr.obj"
error #10056: symbol "_I2CINT1A_ISR" redefined: first defined in "./Driver/source/DSP2833x_DefaultIsr.obj"; redefined in "./Driver/source/DSP2833x_SWPrioritizedDefaultIsr.obj"
error #10056: symbol "_XINT2_ISR" redefined: first defined in "./Driver/source/DSP2833x_DefaultIsr.obj"; redefined in "./Driver/source/DSP2833x_SWPrioritizedDefaultIsr.obj"
error #10056: symbol "_I2CINT2A_ISR" redefined: first defined in "./Driver/source/DSP2833x_DefaultIsr.obj"; redefined in "./Driver/source/DSP2833x_SWPrioritizedDefaultIsr.obj"
error #10056: symbol "_SCITXINTC_ISR" redefined: first defined in "./Driver/source/DSP2833x_DefaultIsr.obj"; redefined in "./Driver/source/DSP2833x_SWPrioritizedDefaultIsr.obj"
error #10056: symbol "_SCIRXINTC_ISR" redefined: first defined in "./Driver/source/DSP2833x_DefaultIsr.obj"; redefined in "./Driver/source/DSP2833x_SWPrioritizedDefaultIsr.obj"
error #10056: symbol "_RTOSINT_ISR" redefined: first defined in "./Driver/source/DSP2833x_DefaultIsr.obj"; redefined in "./Driver/source/DSP2833x_SWPrioritizedDefaultIsr.obj"
error #10056: symbol "_EPWM3_INT_ISR" redefined: first defined in "./Driver/source/DSP2833x_DefaultIsr.obj"; redefined in "./Driver/source/DSP2833x_SWPrioritizedDefaultIsr.obj"
error #10056: symbol "_ECAN1INTB_ISR" redefined: first defined in "./Driver/source/DSP2833x_DefaultIsr.obj"; redefined in "./Driver/source/DSP2833x_SWPrioritizedDefaultIsr.obj"
error #10056: symbol "_USER9_ISR" redefined: first defined in "./Driver/source/DSP2833x_DefaultIsr.obj"; redefined in "./Driver/source/DSP2833x_SWPrioritizedDefaultIsr.obj"
error #10056: symbol "_USER3_ISR" redefined: first defined in "./Driver/source/DSP2833x_DefaultIsr.obj"; redefined in "./Driver/source/DSP2833x_SWPrioritizedDefaultIsr.obj"
error #10056: symbol "_EQEP1_INT_ISR" redefined: first defined in "./Driver/source/DSP2833x_DefaultIsr.obj"; redefined in "./Driver/source/DSP2833x_SWPrioritizedDefaultIsr.obj"
error #10056: symbol "_MRINTB_ISR" redefined: first defined in "./Driver/source/DSP2833x_DefaultIsr.obj"; redefined in "./Driver/source/DSP2833x_SWPrioritizedDefaultIsr.obj"
error #10056: symbol "_DINTCH1_ISR" redefined: first defined in "./Driver/source/DSP2833x_DefaultIsr.obj"; redefined in "./Driver/source/DSP2833x_SWPrioritizedDefaultIsr.obj"
error #10056: symbol "_USER8_ISR" redefined: first defined in "./Driver/source/DSP2833x_DefaultIsr.obj"; redefined in "./Driver/source/DSP2833x_SWPrioritizedDefaultIsr.obj"
error #10056: symbol "_EPWM1_INT_ISR" redefined: first defined in "./Driver/source/DSP2833x_DefaultIsr.obj"; redefined in "./Driver/source/DSP2833x_SWPrioritizedDefaultIsr.obj"
error #10056: symbol "_SEQ2INT_ISR" redefined: first defined in "./Driver/source/DSP2833x_DefaultIsr.obj"; redefined in "./Driver/source/DSP2833x_SWPrioritizedDefaultIsr.obj"
error #10056: symbol "_USER2_ISR" redefined: first defined in "./Driver/source/DSP2833x_DefaultIsr.obj"; redefined in "./Driver/source/DSP2833x_SWPrioritizedDefaultIsr.obj"
error #10056: symbol "_LUF_ISR" redefined: first defined in "./Driver/source/DSP2833x_DefaultIsr.obj"; redefined in "./Driver/source/DSP2833x_SWPrioritizedDefaultIsr.obj"
error #10056: symbol "_LVF_ISR" redefined: first defined in "./Driver/source/DSP2833x_DefaultIsr.obj"; redefined in "./Driver/source/DSP2833x_SWPrioritizedDefaultIsr.obj"
error #10056: symbol "_SCITXINTA_ISR" redefined: first defined in "./Driver/source/DSP2833x_DefaultIsr.obj"; redefined in "./Driver/source/DSP2833x_SWPrioritizedDefaultIsr.obj"
error #10056: symbol "_SCIRXINTA_ISR" redefined: first defined in "./Driver/source/DSP2833x_DefaultIsr.obj"; redefined in "./Driver/source/DSP2833x_SWPrioritizedDefaultIsr.obj"
error #10056: symbol "_rsvd_ISR" redefined: first defined in "./Driver/source/DSP2833x_DefaultIsr.obj"; redefined in "./Driver/source/DSP2833x_SWPrioritizedDefaultIsr.obj"
error #10056: symbol "_ECAP5_INT_ISR" redefined: first defined in "./Driver/source/DSP2833x_DefaultIsr.obj"; redefined in "./Driver/source/DSP2833x_SWPrioritizedDefaultIsr.obj"
error #10056: symbol "_DINTCH2_ISR" redefined: first defined in "./Driver/source/DSP2833x_DefaultIsr.obj"; redefined in "./Driver/source/DSP2833x_SWPrioritizedDefaultIsr.obj"
error #10056: symbol "_XINT5_ISR" redefined: first defined in "./Driver/source/DSP2833x_DefaultIsr.obj"; redefined in "./Driver/source/DSP2833x_SWPrioritizedDefaultIsr.obj"
error #10056: symbol "_PieVectTableInit" redefined: first defined in "./Driver/source/DSP2833x_PieVect.obj"; redefined in "./Driver/source/DSP2833x_SWPrioritizedPieVect.obj"
error #10056: symbol "_InitPieVectTable" redefined: first defined in "./Driver/source/DSP2833x_PieVect.obj"; redefined in "./Driver/source/DSP2833x_SWPrioritizedPieVect.obj"
error #10010: errors encountered during linking; "example0.out" not built
 
>> Compilation failure
makefile:170: recipe for target 'example0.out' failed
gmake[1]: *** [example0.out] Error 1
makefile:166: recipe for target 'all' failed
gmake: *** [all] Error 2

**** ??????? ****

****项目 example0 配置 Debug 中的 构建****

"D:\\ProgramFiles\\CCS\\ccs\\utils\\bin\\gmake" -k -j 24 all -O 
 
Building target: "example0.out"
正在调用??C2000 Linker
"D:/ProgramFiles/CCS/ccs/tools/compiler/ti-cgt-c2000_22.6.1.LTS/bin/cl2000" -v28 -ml -mt --float_support=fpu32 -g --diag_warning=225 --diag_wrap=off --display_error_number --abi=coffabi -z -m"example0.map" --stack_size=0x300 --warn_sections -i"D:/ProgramFiles/CCS/ccs/tools/compiler/ti-cgt-c2000_22.6.1.LTS/lib" -i"D:/ProgramFiles/CCS/ccs/tools/compiler/ti-cgt-c2000_22.6.1.LTS/include" --reread_libs --diag_wrap=off --display_error_number --xml_link_info="example0_linkInfo.xml" --rom_model -o "example0.out" "./Driver/source/DSP2833x_ADC_cal.obj" "./Driver/source/DSP2833x_Adc.obj" "./Driver/source/DSP2833x_CSMPasswords.obj" "./Driver/source/DSP2833x_CodeStartBranch.obj" "./Driver/source/DSP2833x_CpuTimers.obj" "./Driver/source/DSP2833x_DBGIER.obj" "./Driver/source/DSP2833x_DMA.obj" "./Driver/source/DSP2833x_DefaultIsr.obj" "./Driver/source/DSP2833x_DisInt.obj" "./Driver/source/DSP2833x_ECan.obj" "./Driver/source/DSP2833x_ECap.obj" "./Driver/source/DSP2833x_EPwm.obj" "./Driver/source/DSP2833x_EQep.obj" "./Driver/source/DSP2833x_GlobalVariableDefs.obj" "./Driver/source/DSP2833x_Gpio.obj" "./Driver/source/DSP2833x_I2C.obj" "./Driver/source/DSP2833x_Mcbsp.obj" "./Driver/source/DSP2833x_MemCopy.obj" "./Driver/source/DSP2833x_PieCtrl.obj" "./Driver/source/DSP2833x_PieVect.obj" "./Driver/source/DSP2833x_Sci.obj" "./Driver/source/DSP2833x_Spi.obj" "./Driver/source/DSP2833x_SysCtrl.obj" "./Driver/source/DSP2833x_Xintf.obj" "./Driver/source/DSP2833x_usDelay.obj" "./User/bsp/led.obj" "./User/main.obj" "../28335_RAM_lnk.cmd" "../DSP2833x_Headers_nonBIOS.cmd"  -llibc.a 
<Linking>
Finished building target: "example0.out"
 

**** ??????? ****

****项目 example0 配置 Debug 中的 仅清理的构建****

"D:\\ProgramFiles\\CCS\\ccs\\utils\\bin\\gmake" -k -j 24 clean -O 
 
DEL /F  "example0.out" 
DEL /F "Driver\source\DSP2833x_ADC_cal.obj" "Driver\source\DSP2833x_Adc.obj" "Driver\source\DSP2833x_CSMPasswords.obj" "Driver\source\DSP2833x_CodeStartBranch.obj" "Driver\source\DSP2833x_CpuTimers.obj" "Driver\source\DSP2833x_DBGIER.obj" "Driver\source\DSP2833x_DMA.obj" "Driver\source\DSP2833x_DefaultIsr.obj" "Driver\source\DSP2833x_DisInt.obj" "Driver\source\DSP2833x_ECan.obj" "Driver\source\DSP2833x_ECap.obj" "Driver\source\DSP2833x_EPwm.obj" "Driver\source\DSP2833x_EQep.obj" "Driver\source\DSP2833x_GlobalVariableDefs.obj" "Driver\source\DSP2833x_Gpio.obj" "Driver\source\DSP2833x_I2C.obj" "Driver\source\DSP2833x_Mcbsp.obj" "Driver\source\DSP2833x_MemCopy.obj" "Driver\source\DSP2833x_PieCtrl.obj" "Driver\source\DSP2833x_PieVect.obj" "Driver\source\DSP2833x_Sci.obj" "Driver\source\DSP2833x_Spi.obj" "Driver\source\DSP2833x_SysCtrl.obj" "Driver\source\DSP2833x_Xintf.obj" "Driver\source\DSP2833x_usDelay.obj" "User\bsp\led.obj" "User\main.obj" 
DEL /F "Driver\source\DSP2833x_Adc.d" "Driver\source\DSP2833x_CpuTimers.d" "Driver\source\DSP2833x_DMA.d" "Driver\source\DSP2833x_DefaultIsr.d" "Driver\source\DSP2833x_ECan.d" "Driver\source\DSP2833x_ECap.d" "Driver\source\DSP2833x_EPwm.d" "Driver\source\DSP2833x_EQep.d" "Driver\source\DSP2833x_GlobalVariableDefs.d" "Driver\source\DSP2833x_Gpio.d" "Driver\source\DSP2833x_I2C.d" "Driver\source\DSP2833x_Mcbsp.d" "Driver\source\DSP2833x_MemCopy.d" "Driver\source\DSP2833x_PieCtrl.d" "Driver\source\DSP2833x_PieVect.d" "Driver\source\DSP2833x_Sci.d" "Driver\source\DSP2833x_Spi.d" "Driver\source\DSP2833x_SysCtrl.d" "Driver\source\DSP2833x_Xintf.d" "User\bsp\led.d" "User\main.d" 
DEL /F "Driver\source\DSP2833x_ADC_cal.d" "Driver\source\DSP2833x_CSMPasswords.d" "Driver\source\DSP2833x_CodeStartBranch.d" "Driver\source\DSP2833x_DBGIER.d" "Driver\source\DSP2833x_DisInt.d" "Driver\source\DSP2833x_usDelay.d" 
????? C:\Users\30495\Desktop\CCSPro\example0\Debug\Driver\source\DSP2833x_ADC_cal.d
Finished clean
 

**** ??????? ****

****项目 example0 配置 Debug 中的 构建****

"D:\\ProgramFiles\\CCS\\ccs\\utils\\bin\\gmake" -k -j 24 all -O 
 
Building file: "../Driver/common/source/DSP2833x_ADC_cal.asm"
正在调用??C2000 Compiler
"D:/ProgramFiles/CCS/ccs/tools/compiler/ti-cgt-c2000_22.6.1.LTS/bin/cl2000" -v28 -ml -mt --float_support=fpu32 --include_path="D:/ProgramFiles/CCS/ccs/tools/compiler/ti-cgt-c2000_22.6.1.LTS/include" --include_path="C:/Users/30495/Desktop/CCSPro/example0/User" --include_path="C:/Users/30495/Desktop/CCSPro/example0/Driver/common/include" --include_path="C:/Users/30495/Desktop/CCSPro/example0/Driver/headers/include" -g --diag_warning=225 --diag_wrap=off --display_error_number --abi=coffabi --preproc_with_compile --preproc_dependency="Driver/common/source/DSP2833x_ADC_cal.d_raw" --obj_directory="Driver/common/source"  "../Driver/common/source/DSP2833x_ADC_cal.asm"
Finished building: "../Driver/common/source/DSP2833x_ADC_cal.asm"
 
Building file: "../Driver/common/source/DSP2833x_CSMPasswords.asm"
正在调用??C2000 Compiler
"D:/ProgramFiles/CCS/ccs/tools/compiler/ti-cgt-c2000_22.6.1.LTS/bin/cl2000" -v28 -ml -mt --float_support=fpu32 --include_path="D:/ProgramFiles/CCS/ccs/tools/compiler/ti-cgt-c2000_22.6.1.LTS/include" --include_path="C:/Users/30495/Desktop/CCSPro/example0/User" --include_path="C:/Users/30495/Desktop/CCSPro/example0/Driver/common/include" --include_path="C:/Users/30495/Desktop/CCSPro/example0/Driver/headers/include" -g --diag_warning=225 --diag_wrap=off --display_error_number --abi=coffabi --preproc_with_compile --preproc_dependency="Driver/common/source/DSP2833x_CSMPasswords.d_raw" --obj_directory="Driver/common/source"  "../Driver/common/source/DSP2833x_CSMPasswords.asm"
Finished building: "../Driver/common/source/DSP2833x_CSMPasswords.asm"
 
Building file: "../Driver/common/source/DSP2833x_CodeStartBranch.asm"
正在调用??C2000 Compiler
"D:/ProgramFiles/CCS/ccs/tools/compiler/ti-cgt-c2000_22.6.1.LTS/bin/cl2000" -v28 -ml -mt --float_support=fpu32 --include_path="D:/ProgramFiles/CCS/ccs/tools/compiler/ti-cgt-c2000_22.6.1.LTS/include" --include_path="C:/Users/30495/Desktop/CCSPro/example0/User" --include_path="C:/Users/30495/Desktop/CCSPro/example0/Driver/common/include" --include_path="C:/Users/30495/Desktop/CCSPro/example0/Driver/headers/include" -g --diag_warning=225 --diag_wrap=off --display_error_number --abi=coffabi --preproc_with_compile --preproc_dependency="Driver/common/source/DSP2833x_CodeStartBranch.d_raw" --obj_directory="Driver/common/source"  "../Driver/common/source/DSP2833x_CodeStartBranch.asm"
Finished building: "../Driver/common/source/DSP2833x_CodeStartBranch.asm"
 
Building file: "../Driver/common/source/DSP2833x_DBGIER.asm"
正在调用??C2000 Compiler
"D:/ProgramFiles/CCS/ccs/tools/compiler/ti-cgt-c2000_22.6.1.LTS/bin/cl2000" -v28 -ml -mt --float_support=fpu32 --include_path="D:/ProgramFiles/CCS/ccs/tools/compiler/ti-cgt-c2000_22.6.1.LTS/include" --include_path="C:/Users/30495/Desktop/CCSPro/example0/User" --include_path="C:/Users/30495/Desktop/CCSPro/example0/Driver/common/include" --include_path="C:/Users/30495/Desktop/CCSPro/example0/Driver/headers/include" -g --diag_warning=225 --diag_wrap=off --display_error_number --abi=coffabi --preproc_with_compile --preproc_dependency="Driver/common/source/DSP2833x_DBGIER.d_raw" --obj_directory="Driver/common/source"  "../Driver/common/source/DSP2833x_DBGIER.asm"
Finished building: "../Driver/common/source/DSP2833x_DBGIER.asm"
 
Building file: "../Driver/common/source/DSP2833x_Adc.c"
正在调用??C2000 Compiler
"D:/ProgramFiles/CCS/ccs/tools/compiler/ti-cgt-c2000_22.6.1.LTS/bin/cl2000" -v28 -ml -mt --float_support=fpu32 --include_path="D:/ProgramFiles/CCS/ccs/tools/compiler/ti-cgt-c2000_22.6.1.LTS/include" --include_path="C:/Users/30495/Desktop/CCSPro/example0/User" --include_path="C:/Users/30495/Desktop/CCSPro/example0/Driver/common/include" --include_path="C:/Users/30495/Desktop/CCSPro/example0/Driver/headers/include" -g --diag_warning=225 --diag_wrap=off --display_error_number --abi=coffabi --preproc_with_compile --preproc_dependency="Driver/common/source/DSP2833x_Adc.d_raw" --obj_directory="Driver/common/source"  "../Driver/common/source/DSP2833x_Adc.c"
Finished building: "../Driver/common/source/DSP2833x_Adc.c"
 
Building file: "../Driver/common/source/DSP2833x_CpuTimers.c"
正在调用??C2000 Compiler
"D:/ProgramFiles/CCS/ccs/tools/compiler/ti-cgt-c2000_22.6.1.LTS/bin/cl2000" -v28 -ml -mt --float_support=fpu32 --include_path="D:/ProgramFiles/CCS/ccs/tools/compiler/ti-cgt-c2000_22.6.1.LTS/include" --include_path="C:/Users/30495/Desktop/CCSPro/example0/User" --include_path="C:/Users/30495/Desktop/CCSPro/example0/Driver/common/include" --include_path="C:/Users/30495/Desktop/CCSPro/example0/Driver/headers/include" -g --diag_warning=225 --diag_wrap=off --display_error_number --abi=coffabi --preproc_with_compile --preproc_dependency="Driver/common/source/DSP2833x_CpuTimers.d_raw" --obj_directory="Driver/common/source"  "../Driver/common/source/DSP2833x_CpuTimers.c"
Finished building: "../Driver/common/source/DSP2833x_CpuTimers.c"
 
Building file: "../Driver/common/source/DSP2833x_DefaultIsr.c"
正在调用??C2000 Compiler
"D:/ProgramFiles/CCS/ccs/tools/compiler/ti-cgt-c2000_22.6.1.LTS/bin/cl2000" -v28 -ml -mt --float_support=fpu32 --include_path="D:/ProgramFiles/CCS/ccs/tools/compiler/ti-cgt-c2000_22.6.1.LTS/include" --include_path="C:/Users/30495/Desktop/CCSPro/example0/User" --include_path="C:/Users/30495/Desktop/CCSPro/example0/Driver/common/include" --include_path="C:/Users/30495/Desktop/CCSPro/example0/Driver/headers/include" -g --diag_warning=225 --diag_wrap=off --display_error_number --abi=coffabi --preproc_with_compile --preproc_dependency="Driver/common/source/DSP2833x_DefaultIsr.d_raw" --obj_directory="Driver/common/source"  "../Driver/common/source/DSP2833x_DefaultIsr.c"
Finished building: "../Driver/common/source/DSP2833x_DefaultIsr.c"
 
Building file: "../Driver/common/source/DSP2833x_DisInt.asm"
正在调用??C2000 Compiler
"D:/ProgramFiles/CCS/ccs/tools/compiler/ti-cgt-c2000_22.6.1.LTS/bin/cl2000" -v28 -ml -mt --float_support=fpu32 --include_path="D:/ProgramFiles/CCS/ccs/tools/compiler/ti-cgt-c2000_22.6.1.LTS/include" --include_path="C:/Users/30495/Desktop/CCSPro/example0/User" --include_path="C:/Users/30495/Desktop/CCSPro/example0/Driver/common/include" --include_path="C:/Users/30495/Desktop/CCSPro/example0/Driver/headers/include" -g --diag_warning=225 --diag_wrap=off --display_error_number --abi=coffabi --preproc_with_compile --preproc_dependency="Driver/common/source/DSP2833x_DisInt.d_raw" --obj_directory="Driver/common/source"  "../Driver/common/source/DSP2833x_DisInt.asm"
Finished building: "../Driver/common/source/DSP2833x_DisInt.asm"
 
Building file: "../Driver/common/source/DSP2833x_DMA.c"
正在调用??C2000 Compiler
"D:/ProgramFiles/CCS/ccs/tools/compiler/ti-cgt-c2000_22.6.1.LTS/bin/cl2000" -v28 -ml -mt --float_support=fpu32 --include_path="D:/ProgramFiles/CCS/ccs/tools/compiler/ti-cgt-c2000_22.6.1.LTS/include" --include_path="C:/Users/30495/Desktop/CCSPro/example0/User" --include_path="C:/Users/30495/Desktop/CCSPro/example0/Driver/common/include" --include_path="C:/Users/30495/Desktop/CCSPro/example0/Driver/headers/include" -g --diag_warning=225 --diag_wrap=off --display_error_number --abi=coffabi --preproc_with_compile --preproc_dependency="Driver/common/source/DSP2833x_DMA.d_raw" --obj_directory="Driver/common/source"  "../Driver/common/source/DSP2833x_DMA.c"
Finished building: "../Driver/common/source/DSP2833x_DMA.c"
 
Building file: "../Driver/common/source/DSP2833x_ECap.c"
正在调用??C2000 Compiler
"D:/ProgramFiles/CCS/ccs/tools/compiler/ti-cgt-c2000_22.6.1.LTS/bin/cl2000" -v28 -ml -mt --float_support=fpu32 --include_path="D:/ProgramFiles/CCS/ccs/tools/compiler/ti-cgt-c2000_22.6.1.LTS/include" --include_path="C:/Users/30495/Desktop/CCSPro/example0/User" --include_path="C:/Users/30495/Desktop/CCSPro/example0/Driver/common/include" --include_path="C:/Users/30495/Desktop/CCSPro/example0/Driver/headers/include" -g --diag_warning=225 --diag_wrap=off --display_error_number --abi=coffabi --preproc_with_compile --preproc_dependency="Driver/common/source/DSP2833x_ECap.d_raw" --obj_directory="Driver/common/source"  "../Driver/common/source/DSP2833x_ECap.c"
Finished building: "../Driver/common/source/DSP2833x_ECap.c"
 
Building file: "../Driver/common/source/DSP2833x_EPwm.c"
正在调用??C2000 Compiler
"D:/ProgramFiles/CCS/ccs/tools/compiler/ti-cgt-c2000_22.6.1.LTS/bin/cl2000" -v28 -ml -mt --float_support=fpu32 --include_path="D:/ProgramFiles/CCS/ccs/tools/compiler/ti-cgt-c2000_22.6.1.LTS/include" --include_path="C:/Users/30495/Desktop/CCSPro/example0/User" --include_path="C:/Users/30495/Desktop/CCSPro/example0/Driver/common/include" --include_path="C:/Users/30495/Desktop/CCSPro/example0/Driver/headers/include" -g --diag_warning=225 --diag_wrap=off --display_error_number --abi=coffabi --preproc_with_compile --preproc_dependency="Driver/common/source/DSP2833x_EPwm.d_raw" --obj_directory="Driver/common/source"  "../Driver/common/source/DSP2833x_EPwm.c"
Finished building: "../Driver/common/source/DSP2833x_EPwm.c"
 
Building file: "../Driver/common/source/DSP2833x_ECan.c"
正在调用??C2000 Compiler
"D:/ProgramFiles/CCS/ccs/tools/compiler/ti-cgt-c2000_22.6.1.LTS/bin/cl2000" -v28 -ml -mt --float_support=fpu32 --include_path="D:/ProgramFiles/CCS/ccs/tools/compiler/ti-cgt-c2000_22.6.1.LTS/include" --include_path="C:/Users/30495/Desktop/CCSPro/example0/User" --include_path="C:/Users/30495/Desktop/CCSPro/example0/Driver/common/include" --include_path="C:/Users/30495/Desktop/CCSPro/example0/Driver/headers/include" -g --diag_warning=225 --diag_wrap=off --display_error_number --abi=coffabi --preproc_with_compile --preproc_dependency="Driver/common/source/DSP2833x_ECan.d_raw" --obj_directory="Driver/common/source"  "../Driver/common/source/DSP2833x_ECan.c"
Finished building: "../Driver/common/source/DSP2833x_ECan.c"
 
Building file: "../Driver/common/source/DSP2833x_EQep.c"
正在调用??C2000 Compiler
"D:/ProgramFiles/CCS/ccs/tools/compiler/ti-cgt-c2000_22.6.1.LTS/bin/cl2000" -v28 -ml -mt --float_support=fpu32 --include_path="D:/ProgramFiles/CCS/ccs/tools/compiler/ti-cgt-c2000_22.6.1.LTS/include" --include_path="C:/Users/30495/Desktop/CCSPro/example0/User" --include_path="C:/Users/30495/Desktop/CCSPro/example0/Driver/common/include" --include_path="C:/Users/30495/Desktop/CCSPro/example0/Driver/headers/include" -g --diag_warning=225 --diag_wrap=off --display_error_number --abi=coffabi --preproc_with_compile --preproc_dependency="Driver/common/source/DSP2833x_EQep.d_raw" --obj_directory="Driver/common/source"  "../Driver/common/source/DSP2833x_EQep.c"
Finished building: "../Driver/common/source/DSP2833x_EQep.c"
 
Building file: "../Driver/common/source/DSP2833x_Gpio.c"
正在调用??C2000 Compiler
"D:/ProgramFiles/CCS/ccs/tools/compiler/ti-cgt-c2000_22.6.1.LTS/bin/cl2000" -v28 -ml -mt --float_support=fpu32 --include_path="D:/ProgramFiles/CCS/ccs/tools/compiler/ti-cgt-c2000_22.6.1.LTS/include" --include_path="C:/Users/30495/Desktop/CCSPro/example0/User" --include_path="C:/Users/30495/Desktop/CCSPro/example0/Driver/common/include" --include_path="C:/Users/30495/Desktop/CCSPro/example0/Driver/headers/include" -g --diag_warning=225 --diag_wrap=off --display_error_number --abi=coffabi --preproc_with_compile --preproc_dependency="Driver/common/source/DSP2833x_Gpio.d_raw" --obj_directory="Driver/common/source"  "../Driver/common/source/DSP2833x_Gpio.c"
Finished building: "../Driver/common/source/DSP2833x_Gpio.c"
 
Building file: "../Driver/common/source/DSP2833x_I2C.c"
正在调用??C2000 Compiler
"D:/ProgramFiles/CCS/ccs/tools/compiler/ti-cgt-c2000_22.6.1.LTS/bin/cl2000" -v28 -ml -mt --float_support=fpu32 --include_path="D:/ProgramFiles/CCS/ccs/tools/compiler/ti-cgt-c2000_22.6.1.LTS/include" --include_path="C:/Users/30495/Desktop/CCSPro/example0/User" --include_path="C:/Users/30495/Desktop/CCSPro/example0/Driver/common/include" --include_path="C:/Users/30495/Desktop/CCSPro/example0/Driver/headers/include" -g --diag_warning=225 --diag_wrap=off --display_error_number --abi=coffabi --preproc_with_compile --preproc_dependency="Driver/common/source/DSP2833x_I2C.d_raw" --obj_directory="Driver/common/source"  "../Driver/common/source/DSP2833x_I2C.c"
Finished building: "../Driver/common/source/DSP2833x_I2C.c"
 
Building file: "../Driver/common/source/DSP2833x_MemCopy.c"
正在调用??C2000 Compiler
"D:/ProgramFiles/CCS/ccs/tools/compiler/ti-cgt-c2000_22.6.1.LTS/bin/cl2000" -v28 -ml -mt --float_support=fpu32 --include_path="D:/ProgramFiles/CCS/ccs/tools/compiler/ti-cgt-c2000_22.6.1.LTS/include" --include_path="C:/Users/30495/Desktop/CCSPro/example0/User" --include_path="C:/Users/30495/Desktop/CCSPro/example0/Driver/common/include" --include_path="C:/Users/30495/Desktop/CCSPro/example0/Driver/headers/include" -g --diag_warning=225 --diag_wrap=off --display_error_number --abi=coffabi --preproc_with_compile --preproc_dependency="Driver/common/source/DSP2833x_MemCopy.d_raw" --obj_directory="Driver/common/source"  "../Driver/common/source/DSP2833x_MemCopy.c"
Finished building: "../Driver/common/source/DSP2833x_MemCopy.c"
 
Building file: "../Driver/common/source/DSP2833x_PieCtrl.c"
正在调用??C2000 Compiler
"D:/ProgramFiles/CCS/ccs/tools/compiler/ti-cgt-c2000_22.6.1.LTS/bin/cl2000" -v28 -ml -mt --float_support=fpu32 --include_path="D:/ProgramFiles/CCS/ccs/tools/compiler/ti-cgt-c2000_22.6.1.LTS/include" --include_path="C:/Users/30495/Desktop/CCSPro/example0/User" --include_path="C:/Users/30495/Desktop/CCSPro/example0/Driver/common/include" --include_path="C:/Users/30495/Desktop/CCSPro/example0/Driver/headers/include" -g --diag_warning=225 --diag_wrap=off --display_error_number --abi=coffabi --preproc_with_compile --preproc_dependency="Driver/common/source/DSP2833x_PieCtrl.d_raw" --obj_directory="Driver/common/source"  "../Driver/common/source/DSP2833x_PieCtrl.c"
Finished building: "../Driver/common/source/DSP2833x_PieCtrl.c"
 
Building file: "../Driver/common/source/DSP2833x_Mcbsp.c"
正在调用??C2000 Compiler
"D:/ProgramFiles/CCS/ccs/tools/compiler/ti-cgt-c2000_22.6.1.LTS/bin/cl2000" -v28 -ml -mt --float_support=fpu32 --include_path="D:/ProgramFiles/CCS/ccs/tools/compiler/ti-cgt-c2000_22.6.1.LTS/include" --include_path="C:/Users/30495/Desktop/CCSPro/example0/User" --include_path="C:/Users/30495/Desktop/CCSPro/example0/Driver/common/include" --include_path="C:/Users/30495/Desktop/CCSPro/example0/Driver/headers/include" -g --diag_warning=225 --diag_wrap=off --display_error_number --abi=coffabi --preproc_with_compile --preproc_dependency="Driver/common/source/DSP2833x_Mcbsp.d_raw" --obj_directory="Driver/common/source"  "../Driver/common/source/DSP2833x_Mcbsp.c"
Finished building: "../Driver/common/source/DSP2833x_Mcbsp.c"
 
Building file: "../Driver/common/source/DSP2833x_PieVect.c"
正在调用??C2000 Compiler
"D:/ProgramFiles/CCS/ccs/tools/compiler/ti-cgt-c2000_22.6.1.LTS/bin/cl2000" -v28 -ml -mt --float_support=fpu32 --include_path="D:/ProgramFiles/CCS/ccs/tools/compiler/ti-cgt-c2000_22.6.1.LTS/include" --include_path="C:/Users/30495/Desktop/CCSPro/example0/User" --include_path="C:/Users/30495/Desktop/CCSPro/example0/Driver/common/include" --include_path="C:/Users/30495/Desktop/CCSPro/example0/Driver/headers/include" -g --diag_warning=225 --diag_wrap=off --display_error_number --abi=coffabi --preproc_with_compile --preproc_dependency="Driver/common/source/DSP2833x_PieVect.d_raw" --obj_directory="Driver/common/source"  "../Driver/common/source/DSP2833x_PieVect.c"
Finished building: "../Driver/common/source/DSP2833x_PieVect.c"
 
Building file: "../Driver/common/source/DSP2833x_SWPrioritizedPieVect.c"
正在调用??C2000 Compiler
"D:/ProgramFiles/CCS/ccs/tools/compiler/ti-cgt-c2000_22.6.1.LTS/bin/cl2000" -v28 -ml -mt --float_support=fpu32 --include_path="D:/ProgramFiles/CCS/ccs/tools/compiler/ti-cgt-c2000_22.6.1.LTS/include" --include_path="C:/Users/30495/Desktop/CCSPro/example0/User" --include_path="C:/Users/30495/Desktop/CCSPro/example0/Driver/common/include" --include_path="C:/Users/30495/Desktop/CCSPro/example0/Driver/headers/include" -g --diag_warning=225 --diag_wrap=off --display_error_number --abi=coffabi --preproc_with_compile --preproc_dependency="Driver/common/source/DSP2833x_SWPrioritizedPieVect.d_raw" --obj_directory="Driver/common/source"  "../Driver/common/source/DSP2833x_SWPrioritizedPieVect.c"
Finished building: "../Driver/common/source/DSP2833x_SWPrioritizedPieVect.c"
 
Building file: "../Driver/common/source/DSP2833x_Sci.c"
正在调用??C2000 Compiler
"D:/ProgramFiles/CCS/ccs/tools/compiler/ti-cgt-c2000_22.6.1.LTS/bin/cl2000" -v28 -ml -mt --float_support=fpu32 --include_path="D:/ProgramFiles/CCS/ccs/tools/compiler/ti-cgt-c2000_22.6.1.LTS/include" --include_path="C:/Users/30495/Desktop/CCSPro/example0/User" --include_path="C:/Users/30495/Desktop/CCSPro/example0/Driver/common/include" --include_path="C:/Users/30495/Desktop/CCSPro/example0/Driver/headers/include" -g --diag_warning=225 --diag_wrap=off --display_error_number --abi=coffabi --preproc_with_compile --preproc_dependency="Driver/common/source/DSP2833x_Sci.d_raw" --obj_directory="Driver/common/source"  "../Driver/common/source/DSP2833x_Sci.c"
Finished building: "../Driver/common/source/DSP2833x_Sci.c"
 
Building file: "../Driver/common/source/DSP2833x_Spi.c"
正在调用??C2000 Compiler
"D:/ProgramFiles/CCS/ccs/tools/compiler/ti-cgt-c2000_22.6.1.LTS/bin/cl2000" -v28 -ml -mt --float_support=fpu32 --include_path="D:/ProgramFiles/CCS/ccs/tools/compiler/ti-cgt-c2000_22.6.1.LTS/include" --include_path="C:/Users/30495/Desktop/CCSPro/example0/User" --include_path="C:/Users/30495/Desktop/CCSPro/example0/Driver/common/include" --include_path="C:/Users/30495/Desktop/CCSPro/example0/Driver/headers/include" -g --diag_warning=225 --diag_wrap=off --display_error_number --abi=coffabi --preproc_with_compile --preproc_dependency="Driver/common/source/DSP2833x_Spi.d_raw" --obj_directory="Driver/common/source"  "../Driver/common/source/DSP2833x_Spi.c"
Finished building: "../Driver/common/source/DSP2833x_Spi.c"
 
Building file: "../Driver/common/source/DSP2833x_SWPrioritizedDefaultIsr.c"
正在调用??C2000 Compiler
"D:/ProgramFiles/CCS/ccs/tools/compiler/ti-cgt-c2000_22.6.1.LTS/bin/cl2000" -v28 -ml -mt --float_support=fpu32 --include_path="D:/ProgramFiles/CCS/ccs/tools/compiler/ti-cgt-c2000_22.6.1.LTS/include" --include_path="C:/Users/30495/Desktop/CCSPro/example0/User" --include_path="C:/Users/30495/Desktop/CCSPro/example0/Driver/common/include" --include_path="C:/Users/30495/Desktop/CCSPro/example0/Driver/headers/include" -g --diag_warning=225 --diag_wrap=off --display_error_number --abi=coffabi --preproc_with_compile --preproc_dependency="Driver/common/source/DSP2833x_SWPrioritizedDefaultIsr.d_raw" --obj_directory="Driver/common/source"  "../Driver/common/source/DSP2833x_SWPrioritizedDefaultIsr.c"
Finished building: "../Driver/common/source/DSP2833x_SWPrioritizedDefaultIsr.c"
 
Building file: "../Driver/common/source/DSP2833x_usDelay.asm"
正在调用??C2000 Compiler
"D:/ProgramFiles/CCS/ccs/tools/compiler/ti-cgt-c2000_22.6.1.LTS/bin/cl2000" -v28 -ml -mt --float_support=fpu32 --include_path="D:/ProgramFiles/CCS/ccs/tools/compiler/ti-cgt-c2000_22.6.1.LTS/include" --include_path="C:/Users/30495/Desktop/CCSPro/example0/User" --include_path="C:/Users/30495/Desktop/CCSPro/example0/Driver/common/include" --include_path="C:/Users/30495/Desktop/CCSPro/example0/Driver/headers/include" -g --diag_warning=225 --diag_wrap=off --display_error_number --abi=coffabi --preproc_with_compile --preproc_dependency="Driver/common/source/DSP2833x_usDelay.d_raw" --obj_directory="Driver/common/source"  "../Driver/common/source/DSP2833x_usDelay.asm"
Finished building: "../Driver/common/source/DSP2833x_usDelay.asm"
 
Building file: "../Driver/common/source/DSP2833x_SysCtrl.c"
正在调用??C2000 Compiler
"D:/ProgramFiles/CCS/ccs/tools/compiler/ti-cgt-c2000_22.6.1.LTS/bin/cl2000" -v28 -ml -mt --float_support=fpu32 --include_path="D:/ProgramFiles/CCS/ccs/tools/compiler/ti-cgt-c2000_22.6.1.LTS/include" --include_path="C:/Users/30495/Desktop/CCSPro/example0/User" --include_path="C:/Users/30495/Desktop/CCSPro/example0/Driver/common/include" --include_path="C:/Users/30495/Desktop/CCSPro/example0/Driver/headers/include" -g --diag_warning=225 --diag_wrap=off --display_error_number --abi=coffabi --preproc_with_compile --preproc_dependency="Driver/common/source/DSP2833x_SysCtrl.d_raw" --obj_directory="Driver/common/source"  "../Driver/common/source/DSP2833x_SysCtrl.c"
Finished building: "../Driver/common/source/DSP2833x_SysCtrl.c"
 
Building file: "../Driver/common/source/DSP2833x_Xintf.c"
正在调用??C2000 Compiler
"D:/ProgramFiles/CCS/ccs/tools/compiler/ti-cgt-c2000_22.6.1.LTS/bin/cl2000" -v28 -ml -mt --float_support=fpu32 --include_path="D:/ProgramFiles/CCS/ccs/tools/compiler/ti-cgt-c2000_22.6.1.LTS/include" --include_path="C:/Users/30495/Desktop/CCSPro/example0/User" --include_path="C:/Users/30495/Desktop/CCSPro/example0/Driver/common/include" --include_path="C:/Users/30495/Desktop/CCSPro/example0/Driver/headers/include" -g --diag_warning=225 --diag_wrap=off --display_error_number --abi=coffabi --preproc_with_compile --preproc_dependency="Driver/common/source/DSP2833x_Xintf.d_raw" --obj_directory="Driver/common/source"  "../Driver/common/source/DSP2833x_Xintf.c"
Finished building: "../Driver/common/source/DSP2833x_Xintf.c"
 
Building file: "../User/bsp/led.c"
正在调用??C2000 Compiler
"D:/ProgramFiles/CCS/ccs/tools/compiler/ti-cgt-c2000_22.6.1.LTS/bin/cl2000" -v28 -ml -mt --float_support=fpu32 --include_path="D:/ProgramFiles/CCS/ccs/tools/compiler/ti-cgt-c2000_22.6.1.LTS/include" --include_path="C:/Users/30495/Desktop/CCSPro/example0/User" --include_path="C:/Users/30495/Desktop/CCSPro/example0/Driver/common/include" --include_path="C:/Users/30495/Desktop/CCSPro/example0/Driver/headers/include" -g --diag_warning=225 --diag_wrap=off --display_error_number --abi=coffabi --preproc_with_compile --preproc_dependency="User/bsp/led.d_raw" --obj_directory="User/bsp"  "../User/bsp/led.c"
Finished building: "../User/bsp/led.c"
 
Building file: "../User/main.c"
正在调用??C2000 Compiler
"D:/ProgramFiles/CCS/ccs/tools/compiler/ti-cgt-c2000_22.6.1.LTS/bin/cl2000" -v28 -ml -mt --float_support=fpu32 --include_path="D:/ProgramFiles/CCS/ccs/tools/compiler/ti-cgt-c2000_22.6.1.LTS/include" --include_path="C:/Users/30495/Desktop/CCSPro/example0/User" --include_path="C:/Users/30495/Desktop/CCSPro/example0/Driver/common/include" --include_path="C:/Users/30495/Desktop/CCSPro/example0/Driver/headers/include" -g --diag_warning=225 --diag_wrap=off --display_error_number --abi=coffabi --preproc_with_compile --preproc_dependency="User/main.d_raw" --obj_directory="User"  "../User/main.c"
Finished building: "../User/main.c"
 
Building file: "../Driver/headers/source/DSP2833x_GlobalVariableDefs.c"
正在调用??C2000 Compiler
"D:/ProgramFiles/CCS/ccs/tools/compiler/ti-cgt-c2000_22.6.1.LTS/bin/cl2000" -v28 -ml -mt --float_support=fpu32 --include_path="D:/ProgramFiles/CCS/ccs/tools/compiler/ti-cgt-c2000_22.6.1.LTS/include" --include_path="C:/Users/30495/Desktop/CCSPro/example0/User" --include_path="C:/Users/30495/Desktop/CCSPro/example0/Driver/common/include" --include_path="C:/Users/30495/Desktop/CCSPro/example0/Driver/headers/include" -g --diag_warning=225 --diag_wrap=off --display_error_number --abi=coffabi --preproc_with_compile --preproc_dependency="Driver/headers/source/DSP2833x_GlobalVariableDefs.d_raw" --obj_directory="Driver/headers/source"  "../Driver/headers/source/DSP2833x_GlobalVariableDefs.c"
Finished building: "../Driver/headers/source/DSP2833x_GlobalVariableDefs.c"
 
Building target: "example0.out"
正在调用??C2000 Linker
"D:/ProgramFiles/CCS/ccs/tools/compiler/ti-cgt-c2000_22.6.1.LTS/bin/cl2000" -v28 -ml -mt --float_support=fpu32 -g --diag_warning=225 --diag_wrap=off --display_error_number --abi=coffabi -z -m"example0.map" --stack_size=0x300 --warn_sections -i"D:/ProgramFiles/CCS/ccs/tools/compiler/ti-cgt-c2000_22.6.1.LTS/lib" -i"D:/ProgramFiles/CCS/ccs/tools/compiler/ti-cgt-c2000_22.6.1.LTS/include" --reread_libs --diag_wrap=off --display_error_number --xml_link_info="example0_linkInfo.xml" --rom_model -o "example0.out" "./Driver/common/source/DSP2833x_ADC_cal.obj" "./Driver/common/source/DSP2833x_Adc.obj" "./Driver/common/source/DSP2833x_CSMPasswords.obj" "./Driver/common/source/DSP2833x_CodeStartBranch.obj" "./Driver/common/source/DSP2833x_CpuTimers.obj" "./Driver/common/source/DSP2833x_DBGIER.obj" "./Driver/common/source/DSP2833x_DMA.obj" "./Driver/common/source/DSP2833x_DefaultIsr.obj" "./Driver/common/source/DSP2833x_DisInt.obj" "./Driver/common/source/DSP2833x_ECan.obj" "./Driver/common/source/DSP2833x_ECap.obj" "./Driver/common/source/DSP2833x_EPwm.obj" "./Driver/common/source/DSP2833x_EQep.obj" "./Driver/common/source/DSP2833x_Gpio.obj" "./Driver/common/source/DSP2833x_I2C.obj" "./Driver/common/source/DSP2833x_Mcbsp.obj" "./Driver/common/source/DSP2833x_MemCopy.obj" "./Driver/common/source/DSP2833x_PieCtrl.obj" "./Driver/common/source/DSP2833x_PieVect.obj" "./Driver/common/source/DSP2833x_SWPrioritizedDefaultIsr.obj" "./Driver/common/source/DSP2833x_SWPrioritizedPieVect.obj" "./Driver/common/source/DSP2833x_Sci.obj" "./Driver/common/source/DSP2833x_Spi.obj" "./Driver/common/source/DSP2833x_SysCtrl.obj" "./Driver/common/source/DSP2833x_Xintf.obj" "./Driver/common/source/DSP2833x_usDelay.obj" "./Driver/headers/source/DSP2833x_GlobalVariableDefs.obj" "./User/bsp/led.obj" "./User/main.obj" "../28335_RAM_lnk.cmd" "../DSP2833x_Headers_nonBIOS.cmd"  -llibc.a 
<Linking>
error #10056: symbol "_ILLEGAL_ISR" redefined: first defined in "./Driver/common/source/DSP2833x_DefaultIsr.obj"; redefined in "./Driver/common/source/DSP2833x_SWPrioritizedDefaultIsr.obj"
error #10056: symbol "_EPWM6_INT_ISR" redefined: first defined in "./Driver/common/source/DSP2833x_DefaultIsr.obj"; redefined in "./Driver/common/source/DSP2833x_SWPrioritizedDefaultIsr.obj"
error #10056: symbol "_DATALOG_ISR" redefined: first defined in "./Driver/common/source/DSP2833x_DefaultIsr.obj"; redefined in "./Driver/common/source/DSP2833x_SWPrioritizedDefaultIsr.obj"
error #10056: symbol "_SPITXINTA_ISR" redefined: first defined in "./Driver/common/source/DSP2833x_DefaultIsr.obj"; redefined in "./Driver/common/source/DSP2833x_SWPrioritizedDefaultIsr.obj"
error #10056: symbol "_SPIRXINTA_ISR" redefined: first defined in "./Driver/common/source/DSP2833x_DefaultIsr.obj"; redefined in "./Driver/common/source/DSP2833x_SWPrioritizedDefaultIsr.obj"
error #10056: symbol "_DINTCH3_ISR" redefined: first defined in "./Driver/common/source/DSP2833x_DefaultIsr.obj"; redefined in "./Driver/common/source/DSP2833x_SWPrioritizedDefaultIsr.obj"
error #10056: symbol "_XINT4_ISR" redefined: first defined in "./Driver/common/source/DSP2833x_DefaultIsr.obj"; redefined in "./Driver/common/source/DSP2833x_SWPrioritizedDefaultIsr.obj"
error #10056: symbol "_SEQ1INT_ISR" redefined: first defined in "./Driver/common/source/DSP2833x_DefaultIsr.obj"; redefined in "./Driver/common/source/DSP2833x_SWPrioritizedDefaultIsr.obj"
error #10056: symbol "_ECAP3_INT_ISR" redefined: first defined in "./Driver/common/source/DSP2833x_DefaultIsr.obj"; redefined in "./Driver/common/source/DSP2833x_SWPrioritizedDefaultIsr.obj"
error #10056: symbol "_INT13_ISR" redefined: first defined in "./Driver/common/source/DSP2833x_DefaultIsr.obj"; redefined in "./Driver/common/source/DSP2833x_SWPrioritizedDefaultIsr.obj"
error #10056: symbol "_MXINTA_ISR" redefined: first defined in "./Driver/common/source/DSP2833x_DefaultIsr.obj"; redefined in "./Driver/common/source/DSP2833x_SWPrioritizedDefaultIsr.obj"
error #10056: symbol "_EPWM4_INT_ISR" redefined: first defined in "./Driver/common/source/DSP2833x_DefaultIsr.obj"; redefined in "./Driver/common/source/DSP2833x_SWPrioritizedDefaultIsr.obj"
error #10056: symbol "_USER5_ISR" redefined: first defined in "./Driver/common/source/DSP2833x_DefaultIsr.obj"; redefined in "./Driver/common/source/DSP2833x_SWPrioritizedDefaultIsr.obj"
error #10056: symbol "_XINT7_ISR" redefined: first defined in "./Driver/common/source/DSP2833x_DefaultIsr.obj"; redefined in "./Driver/common/source/DSP2833x_SWPrioritizedDefaultIsr.obj"
error #10056: symbol "_EPWM5_TZINT_ISR" redefined: first defined in "./Driver/common/source/DSP2833x_DefaultIsr.obj"; redefined in "./Driver/common/source/DSP2833x_SWPrioritizedDefaultIsr.obj"
error #10056: symbol "_EPWM4_TZINT_ISR" redefined: first defined in "./Driver/common/source/DSP2833x_DefaultIsr.obj"; redefined in "./Driver/common/source/DSP2833x_SWPrioritizedDefaultIsr.obj"
error #10056: symbol "_ECAN0INTA_ISR" redefined: first defined in "./Driver/common/source/DSP2833x_DefaultIsr.obj"; redefined in "./Driver/common/source/DSP2833x_SWPrioritizedDefaultIsr.obj"
error #10056: symbol "_EPWM6_TZINT_ISR" redefined: first defined in "./Driver/common/source/DSP2833x_DefaultIsr.obj"; redefined in "./Driver/common/source/DSP2833x_SWPrioritizedDefaultIsr.obj"
error #10056: symbol "_EMUINT_ISR" redefined: first defined in "./Driver/common/source/DSP2833x_DefaultIsr.obj"; redefined in "./Driver/common/source/DSP2833x_SWPrioritizedDefaultIsr.obj"
error #10056: symbol "_ECAP1_INT_ISR" redefined: first defined in "./Driver/common/source/DSP2833x_DefaultIsr.obj"; redefined in "./Driver/common/source/DSP2833x_SWPrioritizedDefaultIsr.obj"
error #10056: symbol "_EPWM1_TZINT_ISR" redefined: first defined in "./Driver/common/source/DSP2833x_DefaultIsr.obj"; redefined in "./Driver/common/source/DSP2833x_SWPrioritizedDefaultIsr.obj"
error #10056: symbol "_EQEP2_INT_ISR" redefined: first defined in "./Driver/common/source/DSP2833x_DefaultIsr.obj"; redefined in "./Driver/common/source/DSP2833x_SWPrioritizedDefaultIsr.obj"
error #10056: symbol "_USER11_ISR" redefined: first defined in "./Driver/common/source/DSP2833x_DefaultIsr.obj"; redefined in "./Driver/common/source/DSP2833x_SWPrioritizedDefaultIsr.obj"
error #10056: symbol "_EPWM3_TZINT_ISR" redefined: first defined in "./Driver/common/source/DSP2833x_DefaultIsr.obj"; redefined in "./Driver/common/source/DSP2833x_SWPrioritizedDefaultIsr.obj"
error #10056: symbol "_USER4_ISR" redefined: first defined in "./Driver/common/source/DSP2833x_DefaultIsr.obj"; redefined in "./Driver/common/source/DSP2833x_SWPrioritizedDefaultIsr.obj"
error #10056: symbol "_EPWM2_TZINT_ISR" redefined: first defined in "./Driver/common/source/DSP2833x_DefaultIsr.obj"; redefined in "./Driver/common/source/DSP2833x_SWPrioritizedDefaultIsr.obj"
error #10056: symbol "_XINT6_ISR" redefined: first defined in "./Driver/common/source/DSP2833x_DefaultIsr.obj"; redefined in "./Driver/common/source/DSP2833x_SWPrioritizedDefaultIsr.obj"
error #10056: symbol "_EPWM2_INT_ISR" redefined: first defined in "./Driver/common/source/DSP2833x_DefaultIsr.obj"; redefined in "./Driver/common/source/DSP2833x_SWPrioritizedDefaultIsr.obj"
error #10056: symbol "_ECAN0INTB_ISR" redefined: first defined in "./Driver/common/source/DSP2833x_DefaultIsr.obj"; redefined in "./Driver/common/source/DSP2833x_SWPrioritizedDefaultIsr.obj"
error #10056: symbol "_TINT0_ISR" redefined: first defined in "./Driver/common/source/DSP2833x_DefaultIsr.obj"; redefined in "./Driver/common/source/DSP2833x_SWPrioritizedDefaultIsr.obj"
error #10056: symbol "_WAKEINT_ISR" redefined: first defined in "./Driver/common/source/DSP2833x_DefaultIsr.obj"; redefined in "./Driver/common/source/DSP2833x_SWPrioritizedDefaultIsr.obj"
error #10056: symbol "_DINTCH4_ISR" redefined: first defined in "./Driver/common/source/DSP2833x_DefaultIsr.obj"; redefined in "./Driver/common/source/DSP2833x_SWPrioritizedDefaultIsr.obj"
error #10056: symbol "_USER10_ISR" redefined: first defined in "./Driver/common/source/DSP2833x_DefaultIsr.obj"; redefined in "./Driver/common/source/DSP2833x_SWPrioritizedDefaultIsr.obj"
error #10056: symbol "_USER7_ISR" redefined: first defined in "./Driver/common/source/DSP2833x_DefaultIsr.obj"; redefined in "./Driver/common/source/DSP2833x_SWPrioritizedDefaultIsr.obj"
error #10056: symbol "_XINT1_ISR" redefined: first defined in "./Driver/common/source/DSP2833x_DefaultIsr.obj"; redefined in "./Driver/common/source/DSP2833x_SWPrioritizedDefaultIsr.obj"
error #10056: symbol "_ECAP6_INT_ISR" redefined: first defined in "./Driver/common/source/DSP2833x_DefaultIsr.obj"; redefined in "./Driver/common/source/DSP2833x_SWPrioritizedDefaultIsr.obj"
error #10056: symbol "_INT14_ISR" redefined: first defined in "./Driver/common/source/DSP2833x_DefaultIsr.obj"; redefined in "./Driver/common/source/DSP2833x_SWPrioritizedDefaultIsr.obj"
error #10056: symbol "_MXINTB_ISR" redefined: first defined in "./Driver/common/source/DSP2833x_DefaultIsr.obj"; redefined in "./Driver/common/source/DSP2833x_SWPrioritizedDefaultIsr.obj"
error #10056: symbol "_DINTCH5_ISR" redefined: first defined in "./Driver/common/source/DSP2833x_DefaultIsr.obj"; redefined in "./Driver/common/source/DSP2833x_SWPrioritizedDefaultIsr.obj"
error #10056: symbol "_USER6_ISR" redefined: first defined in "./Driver/common/source/DSP2833x_DefaultIsr.obj"; redefined in "./Driver/common/source/DSP2833x_SWPrioritizedDefaultIsr.obj"
error #10056: symbol "_ECAP4_INT_ISR" redefined: first defined in "./Driver/common/source/DSP2833x_DefaultIsr.obj"; redefined in "./Driver/common/source/DSP2833x_SWPrioritizedDefaultIsr.obj"
error #10056: symbol "_MRINTA_ISR" redefined: first defined in "./Driver/common/source/DSP2833x_DefaultIsr.obj"; redefined in "./Driver/common/source/DSP2833x_SWPrioritizedDefaultIsr.obj"
error #10056: symbol "_DINTCH6_ISR" redefined: first defined in "./Driver/common/source/DSP2833x_DefaultIsr.obj"; redefined in "./Driver/common/source/DSP2833x_SWPrioritizedDefaultIsr.obj"
error #10056: symbol "_USER12_ISR" redefined: first defined in "./Driver/common/source/DSP2833x_DefaultIsr.obj"; redefined in "./Driver/common/source/DSP2833x_SWPrioritizedDefaultIsr.obj"
error #10056: symbol "_ADCINT_ISR" redefined: first defined in "./Driver/common/source/DSP2833x_DefaultIsr.obj"; redefined in "./Driver/common/source/DSP2833x_SWPrioritizedDefaultIsr.obj"
error #10056: symbol "_USER1_ISR" redefined: first defined in "./Driver/common/source/DSP2833x_DefaultIsr.obj"; redefined in "./Driver/common/source/DSP2833x_SWPrioritizedDefaultIsr.obj"
error #10056: symbol "_XINT3_ISR" redefined: first defined in "./Driver/common/source/DSP2833x_DefaultIsr.obj"; redefined in "./Driver/common/source/DSP2833x_SWPrioritizedDefaultIsr.obj"
error #10056: symbol "_EPWM5_INT_ISR" redefined: first defined in "./Driver/common/source/DSP2833x_DefaultIsr.obj"; redefined in "./Driver/common/source/DSP2833x_SWPrioritizedDefaultIsr.obj"
error #10056: symbol "_NMI_ISR" redefined: first defined in "./Driver/common/source/DSP2833x_DefaultIsr.obj"; redefined in "./Driver/common/source/DSP2833x_SWPrioritizedDefaultIsr.obj"
error #10056: symbol "_SCITXINTB_ISR" redefined: first defined in "./Driver/common/source/DSP2833x_DefaultIsr.obj"; redefined in "./Driver/common/source/DSP2833x_SWPrioritizedDefaultIsr.obj"
error #10056: symbol "_SCIRXINTB_ISR" redefined: first defined in "./Driver/common/source/DSP2833x_DefaultIsr.obj"; redefined in "./Driver/common/source/DSP2833x_SWPrioritizedDefaultIsr.obj"
error #10056: symbol "_ECAN1INTA_ISR" redefined: first defined in "./Driver/common/source/DSP2833x_DefaultIsr.obj"; redefined in "./Driver/common/source/DSP2833x_SWPrioritizedDefaultIsr.obj"
error #10056: symbol "_ECAP2_INT_ISR" redefined: first defined in "./Driver/common/source/DSP2833x_DefaultIsr.obj"; redefined in "./Driver/common/source/DSP2833x_SWPrioritizedDefaultIsr.obj"
error #10056: symbol "_PIE_RESERVED" redefined: first defined in "./Driver/common/source/DSP2833x_DefaultIsr.obj"; redefined in "./Driver/common/source/DSP2833x_SWPrioritizedDefaultIsr.obj"
error #10056: symbol "_I2CINT1A_ISR" redefined: first defined in "./Driver/common/source/DSP2833x_DefaultIsr.obj"; redefined in "./Driver/common/source/DSP2833x_SWPrioritizedDefaultIsr.obj"
error #10056: symbol "_XINT2_ISR" redefined: first defined in "./Driver/common/source/DSP2833x_DefaultIsr.obj"; redefined in "./Driver/common/source/DSP2833x_SWPrioritizedDefaultIsr.obj"
error #10056: symbol "_I2CINT2A_ISR" redefined: first defined in "./Driver/common/source/DSP2833x_DefaultIsr.obj"; redefined in "./Driver/common/source/DSP2833x_SWPrioritizedDefaultIsr.obj"
error #10056: symbol "_SCITXINTC_ISR" redefined: first defined in "./Driver/common/source/DSP2833x_DefaultIsr.obj"; redefined in "./Driver/common/source/DSP2833x_SWPrioritizedDefaultIsr.obj"
error #10056: symbol "_SCIRXINTC_ISR" redefined: first defined in "./Driver/common/source/DSP2833x_DefaultIsr.obj"; redefined in "./Driver/common/source/DSP2833x_SWPrioritizedDefaultIsr.obj"
error #10056: symbol "_RTOSINT_ISR" redefined: first defined in "./Driver/common/source/DSP2833x_DefaultIsr.obj"; redefined in "./Driver/common/source/DSP2833x_SWPrioritizedDefaultIsr.obj"
error #10056: symbol "_EPWM3_INT_ISR" redefined: first defined in "./Driver/common/source/DSP2833x_DefaultIsr.obj"; redefined in "./Driver/common/source/DSP2833x_SWPrioritizedDefaultIsr.obj"
error #10056: symbol "_ECAN1INTB_ISR" redefined: first defined in "./Driver/common/source/DSP2833x_DefaultIsr.obj"; redefined in "./Driver/common/source/DSP2833x_SWPrioritizedDefaultIsr.obj"
error #10056: symbol "_USER9_ISR" redefined: first defined in "./Driver/common/source/DSP2833x_DefaultIsr.obj"; redefined in "./Driver/common/source/DSP2833x_SWPrioritizedDefaultIsr.obj"
error #10056: symbol "_USER3_ISR" redefined: first defined in "./Driver/common/source/DSP2833x_DefaultIsr.obj"; redefined in "./Driver/common/source/DSP2833x_SWPrioritizedDefaultIsr.obj"
error #10056: symbol "_EQEP1_INT_ISR" redefined: first defined in "./Driver/common/source/DSP2833x_DefaultIsr.obj"; redefined in "./Driver/common/source/DSP2833x_SWPrioritizedDefaultIsr.obj"
error #10056: symbol "_MRINTB_ISR" redefined: first defined in "./Driver/common/source/DSP2833x_DefaultIsr.obj"; redefined in "./Driver/common/source/DSP2833x_SWPrioritizedDefaultIsr.obj"
error #10056: symbol "_DINTCH1_ISR" redefined: first defined in "./Driver/common/source/DSP2833x_DefaultIsr.obj"; redefined in "./Driver/common/source/DSP2833x_SWPrioritizedDefaultIsr.obj"
error #10056: symbol "_USER8_ISR" redefined: first defined in "./Driver/common/source/DSP2833x_DefaultIsr.obj"; redefined in "./Driver/common/source/DSP2833x_SWPrioritizedDefaultIsr.obj"
error #10056: symbol "_EPWM1_INT_ISR" redefined: first defined in "./Driver/common/source/DSP2833x_DefaultIsr.obj"; redefined in "./Driver/common/source/DSP2833x_SWPrioritizedDefaultIsr.obj"
error #10056: symbol "_SEQ2INT_ISR" redefined: first defined in "./Driver/common/source/DSP2833x_DefaultIsr.obj"; redefined in "./Driver/common/source/DSP2833x_SWPrioritizedDefaultIsr.obj"
error #10056: symbol "_USER2_ISR" redefined: first defined in "./Driver/common/source/DSP2833x_DefaultIsr.obj"; redefined in "./Driver/common/source/DSP2833x_SWPrioritizedDefaultIsr.obj"
error #10056: symbol "_LUF_ISR" redefined: first defined in "./Driver/common/source/DSP2833x_DefaultIsr.obj"; redefined in "./Driver/common/source/DSP2833x_SWPrioritizedDefaultIsr.obj"
error #10056: symbol "_LVF_ISR" redefined: first defined in "./Driver/common/source/DSP2833x_DefaultIsr.obj"; redefined in "./Driver/common/source/DSP2833x_SWPrioritizedDefaultIsr.obj"
error #10056: symbol "_SCITXINTA_ISR" redefined: first defined in "./Driver/common/source/DSP2833x_DefaultIsr.obj"; redefined in "./Driver/common/source/DSP2833x_SWPrioritizedDefaultIsr.obj"
error #10056: symbol "_SCIRXINTA_ISR" redefined: first defined in "./Driver/common/source/DSP2833x_DefaultIsr.obj"; redefined in "./Driver/common/source/DSP2833x_SWPrioritizedDefaultIsr.obj"
error #10056: symbol "_rsvd_ISR" redefined: first defined in "./Driver/common/source/DSP2833x_DefaultIsr.obj"; redefined in "./Driver/common/source/DSP2833x_SWPrioritizedDefaultIsr.obj"
error #10056: symbol "_ECAP5_INT_ISR" redefined: first defined in "./Driver/common/source/DSP2833x_DefaultIsr.obj"; redefined in "./Driver/common/source/DSP2833x_SWPrioritizedDefaultIsr.obj"
error #10056: symbol "_DINTCH2_ISR" redefined: first defined in "./Driver/common/source/DSP2833x_DefaultIsr.obj"; redefined in "./Driver/common/source/DSP2833x_SWPrioritizedDefaultIsr.obj"
error #10056: symbol "_XINT5_ISR" redefined: first defined in "./Driver/common/source/DSP2833x_DefaultIsr.obj"; redefined in "./Driver/common/source/DSP2833x_SWPrioritizedDefaultIsr.obj"
error #10056: symbol "_PieVectTableInit" redefined: first defined in "./Driver/common/source/DSP2833x_PieVect.obj"; redefined in "./Driver/common/source/DSP2833x_SWPrioritizedPieVect.obj"
error #10056: symbol "_InitPieVectTable" redefined: first defined in "./Driver/common/source/DSP2833x_PieVect.obj"; redefined in "./Driver/common/source/DSP2833x_SWPrioritizedPieVect.obj"
error #10010: errors encountered during linking; "example0.out" not built
 
>> Compilation failure
makefile:172: recipe for target 'example0.out' failed
gmake[1]: *** [example0.out] Error 1
makefile:168: recipe for target 'all' failed
gmake: *** [all] Error 2

**** ??????? ****

****项目 example0 配置 Debug 中的 构建****

"D:\\ProgramFiles\\CCS\\ccs\\utils\\bin\\gmake" -k -j 24 all -O 
 
Building target: "example0.out"
正在调用??C2000 Linker
"D:/ProgramFiles/CCS/ccs/tools/compiler/ti-cgt-c2000_22.6.1.LTS/bin/cl2000" -v28 -ml -mt --float_support=fpu32 -g --diag_warning=225 --diag_wrap=off --display_error_number --abi=coffabi -z -m"example0.map" --stack_size=0x300 --warn_sections -i"D:/ProgramFiles/CCS/ccs/tools/compiler/ti-cgt-c2000_22.6.1.LTS/lib" -i"D:/ProgramFiles/CCS/ccs/tools/compiler/ti-cgt-c2000_22.6.1.LTS/include" --reread_libs --diag_wrap=off --display_error_number --xml_link_info="example0_linkInfo.xml" --rom_model -o "example0.out" "./Driver/common/source/DSP2833x_ADC_cal.obj" "./Driver/common/source/DSP2833x_Adc.obj" "./Driver/common/source/DSP2833x_CSMPasswords.obj" "./Driver/common/source/DSP2833x_CodeStartBranch.obj" "./Driver/common/source/DSP2833x_CpuTimers.obj" "./Driver/common/source/DSP2833x_DBGIER.obj" "./Driver/common/source/DSP2833x_DMA.obj" "./Driver/common/source/DSP2833x_DefaultIsr.obj" "./Driver/common/source/DSP2833x_DisInt.obj" "./Driver/common/source/DSP2833x_ECan.obj" "./Driver/common/source/DSP2833x_ECap.obj" "./Driver/common/source/DSP2833x_EPwm.obj" "./Driver/common/source/DSP2833x_EQep.obj" "./Driver/common/source/DSP2833x_Gpio.obj" "./Driver/common/source/DSP2833x_I2C.obj" "./Driver/common/source/DSP2833x_Mcbsp.obj" "./Driver/common/source/DSP2833x_MemCopy.obj" "./Driver/common/source/DSP2833x_PieCtrl.obj" "./Driver/common/source/DSP2833x_PieVect.obj" "./Driver/common/source/DSP2833x_Sci.obj" "./Driver/common/source/DSP2833x_Spi.obj" "./Driver/common/source/DSP2833x_SysCtrl.obj" "./Driver/common/source/DSP2833x_Xintf.obj" "./Driver/common/source/DSP2833x_usDelay.obj" "./Driver/headers/source/DSP2833x_GlobalVariableDefs.obj" "./User/bsp/led.obj" "./User/main.obj" "../28335_RAM_lnk.cmd" "../DSP2833x_Headers_nonBIOS.cmd"  -llibc.a 
<Linking>
Finished building target: "example0.out"
 

**** ??????? ****

****项目 example0 配置 Debug 中的 构建****

"D:\\ProgramFiles\\CCS\\ccs\\utils\\bin\\gmake" -k -j 24 all -O 
 
gmake[1]: 'example0.out' is up to date.

**** ??????? ****
